Time (s),PPG Value
0.616312,-0.2
0.62614,-0.2
0.635952,-0.2
0.6458,-0.2
0.655632,-0.2
0.665472,-0.2
0.675996,-0.2
0.68584,-0.2
0.695676,-0.2
0.705508,-0.2
0.713804,-0.2
0.724332,-0.2
0.73418,-0.2
0.744008,-0.2
0.753848,-0.2
0.763688,-0.2
0.774228,-0.2
0.784084,-0.2
0.793924,-0.2
0.803756,-0.2
0.813596,-0.2
0.824124,-0.2
0.833988,-0.2
0.843808,-0.2
0.853648,-0.2
0.863484,-0.2
0.87176,-0.2
0.882292,-0.2
0.892132,-0.2
0.90198,-0.2
0.911832,-0.2
0.92168,-0.2
0.932224,-0.2
0.942068,-0.2
0.951924,-0.2
0.961768,-0.2
0.9716,-0.2
0.982144,-0.2
0.992,-0.2
1.001852,-0.2
1.0117,-0.2
1.01998,-0.2
1.030512,-0.2
1.04036,-0.2
1.050212,-0.2
1.060072,-0.2
1.069908,-0.2
1.079772,-0.2
1.0903,-0.2
1.100152,-0.2
1.109996,-0.2
1.119848,-0.2
1.1297,-0.2
1.140228,-0.2
1.15008,-0.2
1.159936,-0.2
1.169788,-0.2
1.17808,-0.2
1.188616,-0.2
1.198464,-0.2
1.208308,-0.2
1.218164,-0.2
1.228008,-0.2
1.237856,-0.2
1.248404,-0.2
1.258256,-0.2
1.2681,-0.2
1.27794,-0.2
1.287796,-0.2
1.298332,-0.2
1.308168,-0.2
1.318024,-0.2
1.327876,-0.2
1.336164,-0.2
1.346696,-0.2
1.35654,-0.2
1.366392,-0.2
1.376244,-0.2
1.386092,-0.2
1.395932,-0.2
1.406456,-0.2
1.416296,-0.2
1.426128,-0.2
1.435976,-0.2
1.445812,-0.2
1.454788,-0.2
1.464636,-0.2
1.474472,-0.2
1.48432,-0.2
1.494156,-0.2
1.50468,-0.2
1.514524,-0.2
1.524364,-0.2
1.534216,-0.2
1.544056,-0.2
1.553884,-0.2
1.564404,-0.2
1.574252,-0.2
1.584096,-0.2
1.593944,-0.2
1.603788,-0.2
1.612748,-0.2
1.6226,-0.2
1.63244,-0.2
1.642284,-0.2
1.65214,-0.2
1.662664,-0.2
1.672516,-0.2
1.682352,-0.2
1.6922,-0.2
1.702044,-0.2
1.712576,-0.2
1.722424,-0.2
1.732272,-0.2
1.742108,-0.2
1.751952,-0.2
1.760228,-0.2
1.770764,-0.2
1.780608,-0.2
1.790444,-0.2
1.800284,-0.2
1.810128,-0.2
1.82066,-0.2
1.830516,-0.2
1.840356,-0.2
1.850196,-0.2
1.860044,-0.2
1.870564,-0.2
1.880404,-0.2
1.89024,-0.2
1.90008,-0.2
1.909904,-0.2
1.918176,-0.2
1.928684,-0.2
1.938528,-0.2
1.948368,-0.2
1.958212,-0.2
1.968036,-0.2
1.978572,-0.2
1.988416,-0.2
1.998272,-0.2
2.008116,-0.2
2.017968,-0.2
2.026916,-0.2
2.036752,-0.2
2.046584,-0.2
2.05642,-0.2
2.06626,-0.2
2.076104,-0.2
2.086624,-0.2
2.096472,-0.2
2.106292,-0.2
2.116148,-0.2
2.125992,-0.2
2.136524,-0.2
2.146376,-0.2
2.15622,-0.2
2.16606,-0.2
2.175884,-0.2
2.184844,-0.2
2.194684,-0.2
2.204524,-0.2
2.214372,-0.2
2.224192,-0.2
2.234716,-0.2
2.24454,-0.2
2.254368,-0.2
2.2642,-0.2
2.274028,-0.2
2.283868,-0.2
2.292836,-0.2
2.302664,-0.2
2.312512,-0.2
2.322336,-0.2
2.33216,-0.2
2.342684,-0.2
2.352512,-0.2
2.362336,-0.2
2.372164,-0.2
2.381992,-0.2
2.392524,-0.2
2.402372,-0.2
2.41222,-0.2
2.422072,-0.2
2.431908,-0.2
2.440212,-0.2
2.450756,-0.2
2.460592,-0.2
2.47044,-0.2
2.480284,-0.2
2.490128,-0.2
2.500668,-0.2
2.510524,-0.2
2.520376,-0.2
2.530204,-0.2
2.540036,-0.2
2.550564,-0.2
2.56042,-0.2
2.570264,-0.2
2.580108,-0.2
2.58996,-0.2
2.59894,-0.2
2.608796,-0.2
2.618632,-0.2
2.628484,-0.2
2.638328,-0.2
2.648872,-0.2
2.658712,-0.2
2.66854,-0.2
2.678392,-0.2
2.688232,-0.2
2.698072,-0.2
2.70862,-0.2
2.71846,-0.2
2.728308,-0.2
2.738148,-0.2
2.746436,-0.2
2.75696,-0.2
2.766784,-0.2
2.776632,-0.2
2.786476,-0.2
2.796312,-0.2
2.806832,-0.2
2.816684,-0.2
2.826528,-0.2
2.836368,-0.2
2.846204,-0.2
2.85604,-0.2
2.865,-0.2
2.874844,-0.2
2.884692,-0.2
2.89454,-0.2
2.904372,-0.2
2.91488,-0.2
2.924704,-0.2
2.934544,-0.2
2.944384,-0.2
2.954216,-0.2
2.964744,-0.2
2.97458,-0.2
2.984408,-0.2
2.994224,-0.2
3.004068,-0.2
3.012332,-0.2
3.022872,-0.2
3.032716,-0.2
3.042544,-0.2
3.05238,-0.2
3.062232,-0.2
3.072756,-0.2
3.082608,-0.2
3.09244,-0.2
3.102276,-0.2
3.112108,-0.2
3.121068,-0.2
3.130932,-0.2
3.140776,-0.2
3.150616,-0.2
3.160464,-0.2
3.17098,-0.2
3.18082,-0.2
3.190656,-0.2
3.200496,-0.2
3.21034,-0.2
3.220164,-0.2
3.230688,-0.2
3.240528,-0.2
3.250356,-0.2
3.260172,-0.2
3.268448,-0.2
3.278984,-0.2
3.28882,-0.2
3.298664,-0.2
3.308504,-0.2
3.318344,-0.2
3.328872,-0.2
3.338712,-0.2
3.348548,-0.2
3.3584,-0.2
0.010604,-0.2
0.017296,-0.2
0.025472,-0.2
0.033648,-0.2
0.041816,-0.2
0.052216,-0.2
0.061916,-0.2
0.071608,-0.2
0.081324,-0.2
0.089504,-0.2
0.099204,-0.2
0.109616,-0.2
0.119456,-0.2
0.1293,-0.2
0.139148,-0.2
0.14744,-0.2
0.15798,-0.2
0.167824,-0.2
0.17766,-0.2
0.187524,-0.2
0.197384,-0.2
0.207924,-0.2
0.217784,-0.2
0.227628,-0.2
0.237468,-0.2
0.2473,-0.2
0.257832,-0.2
0.267704,-0.2
0.27754,-0.2
0.287376,-0.2
0.297216,-0.2
0.3055,-0.2
0.316044,-0.2
0.325892,-0.2
0.33574,-0.2
0.345592,-0.2
0.355452,-0.2
0.366012,-0.2
0.375868,-0.2
0.385736,-0.2
0.395612,-0.2
0.405476,-0.2
0.416044,-0.2
0.425896,-0.2
0.435756,-0.2
0.445612,-0.2
0.455476,-0.2
0.466028,-0.2
0.475872,-0.2
0.485752,-0.2
0.495612,-0.2
0.505492,-0.2
0.51378,-0.2
0.524348,-0.2
0.53424,-0.2
0.54412,-0.2
0.55398,-0.2
0.563864,-0.2
0.574408,-0.2
0.584276,-0.2
0.594148,-0.2
0.604004,-0.2
0.613888,-0.2
0.62446,-0.2
0.634368,-0.2
0.644272,-0.2
0.654156,-0.2
0.664048,-0.2
0.674624,-0.2
0.684516,-0.2
0.694388,-0.2
0.704264,-0.2
0.714144,-0.2
0.724708,-0.2
0.7346,-0.2
0.744484,-0.2
0.754372,-0.2
0.76424,-0.2
0.7748,-0.2
0.784684,-0.2
0.794548,-0.2
0.804424,-0.2
0.814296,-0.2
0.822604,-0.2
0.833152,-0.2
0.843024,-0.2
0.8529,-0.2
0.862764,-0.2
0.872636,-0.2
0.883204,-0.2
0.893092,-0.2
0.902968,-0.2
0.912848,-0.2
0.92272,-0.2
0.933284,-0.2
0.943156,-0.2
0.953044,-0.2
0.96292,-0.2
0.972788,-0.2
0.983344,-0.2
0.993204,-0.2
1.00306,-0.2
1.012928,-0.2
1.022796,-0.2
1.03336,-0.2
1.04324,-0.2
1.053136,-0.2
1.063032,-0.2
1.072904,-0.2
1.083476,-0.2
1.093356,-0.2
1.103244,-0.2
1.11312,-0.2
1.122996,-0.2
1.13288,-0.2
1.141888,-0.2
1.151764,-0.2
1.161632,-0.2
1.171492,-0.2
1.181364,-0.2
1.191912,-0.2
1.201796,-0.2
1.211676,-0.2
1.221548,-0.2
1.231436,-0.2
1.242004,-0.2
1.251892,-0.2
1.261764,-0.2
1.271644,-0.2
1.281528,-0.2
1.292104,-0.2
1.301976,-0.2
1.311852,-0.2
1.321716,-0.2
1.331596,-0.2
1.342156,-0.2
1.352032,-0.2
1.361912,-0.2
1.3718,-0.2
1.381684,-0.2
1.39154,-0.2
1.4021,-0.2
1.411976,-0.2
1.42186,-0.2
1.431736,-0.2
1.441608,-0.2
1.450604,-0.2
1.46048,-0.2
1.470352,-0.2
1.480244,-0.2
1.490112,-0.2
1.500672,-0.2
1.510548,-0.2
1.52042,-0.2
1.5303,-0.2
1.540184,-0.2
1.550756,-0.2
1.560628,-0.2
1.57052,-0.2
1.580408,-0.2
1.590296,-0.2
1.600868,-0.2
1.61076,-0.2
1.620632,-0.2
1.630492,-0.2
1.640352,-0.2
1.65094,-0.2
1.660816,-0.2
1.670704,-0.2
1.680588,-0.2
1.69046,-0.2
1.701024,-0.2
1.710908,-0.2
1.720792,-0.2
1.730656,-0.2
1.74052,-0.2
1.751088,-0.2
1.760972,-0.2
1.770848,-0.2
1.780708,-0.2
1.790572,-0.2
1.800436,-0.2
1.809436,-0.2
1.819308,-0.2
1.82918,-0.2
1.839048,-0.2
1.848932,-0.2
1.8595,-0.2
1.869392,-0.2
1.879276,-0.2
1.889152,-0.2
1.899036,-0.2
1.909604,-0.2
1.919504,-0.2
1.929392,-0.2
1.939264,-0.2
1.949128,-0.2
1.95968,-0.2
1.969544,-0.2
1.979416,-0.2
1.98928,-0.2
1.999144,-0.2
2.009716,-0.2
2.019604,-0.2
2.029484,-0.2
2.03936,-0.2
2.049236,-0.2
2.059796,-0.2
2.069676,-0.2
2.079556,-0.2
2.089444,-0.2
2.09932,-0.2
2.109188,-0.2
2.119748,-0.2
2.129628,-0.2
2.1395,-0.2
2.149372,-0.2
2.159244,-0.2
2.168232,-0.2
2.178084,-0.2
2.18796,-0.2
2.197836,-0.2
2.2077,-0.2
2.218268,-0.2
2.228148,-0.2
2.238028,-0.2
2.247888,-0.2
2.25774,-0.2
2.268292,-0.2
2.278164,-0.2
2.288024,-0.2
2.297896,-0.2
2.307792,-0.2
2.318364,-0.2
2.328248,-0.2
2.338132,-0.2
2.347996,-0.2
2.357872,-0.2
2.367752,-0.2
2.378324,-0.2
2.388228,-0.2
2.398092,-0.2
2.40796,-0.2
2.417812,-0.2
2.426804,-0.2
2.436688,-0.2
2.44656,-0.2
2.456424,-0.2
2.466296,-0.2
2.476864,-0.2
2.486752,-0.2
2.496624,-0.2
2.506484,-0.2
2.516368,-0.2
2.52692,-0.2
2.536792,-0.2
2.546656,-0.2
2.556532,-0.2
2.56642,-0.2
2.576972,-0.2
2.58684,-0.2
2.596716,-0.2
2.6066,-0.2
2.616476,-0.2
2.627032,-0.2
2.636904,-0.2
2.646768,-0.2
2.65664,-0.2
2.666508,-0.2
2.67638,-0.2
2.686932,-0.2
2.696816,-0.2
2.706692,-0.2
2.716548,-0.2
2.7264,-0.2
2.735376,-0.2
2.74524,-0.2
2.755108,-0.2
2.76496,-0.2
2.77482,-0.2
2.785372,-0.2
2.795236,-0.2
2.805104,-0.2
2.814964,-0.2
2.824824,-0.2
2.835368,-0.2
2.845244,-0.2
2.855108,-0.2
2.864968,-0.2
2.874848,-0.2
2.8854,-0.2
2.895272,-0.2
2.905148,-0.2
2.915032,-0.2
2.924912,-0.2
2.934764,-0.2
2.945312,-0.2
2.955176,-0.2
2.965052,-0.2
2.974916,-0.2
2.984776,-0.2
2.993772,-0.2
3.00364,-0.2
3.013496,-0.2
3.023364,-0.2
3.033252,-0.2
3.04382,-0.2
3.053712,-0.2
3.063588,-0.2
3.073452,-0.2
3.083296,-0.2
3.09384,-0.2
3.103692,-0.2
3.113556,-0.2
3.123408,-0.2
3.133264,-0.2
3.143824,-0.2
3.1537,-0.2
3.16358,-0.2
3.173448,-0.2
3.183312,-0.2
3.19318,-0.2
3.202164,-0.2
3.21202,-0.2
3.221892,-0.2
3.231768,-0.2
3.24164,-0.2
3.252196,-0.2
3.262088,-0.2
3.27196,-0.2
3.28184,-0.2
3.291712,-0.2
3.302264,-0.2
3.312136,-0.2
3.322008,-0.2
3.331856,-0.2
3.341716,-0.2
3.352264,-0.2
3.362148,-0.2
3.372024,-0.2
3.38192,-0.2
3.391796,-0.2
3.402344,-0.2
3.412216,-0.2
3.422072,-0.2
3.43196,-0.2
3.441832,-0.2
3.451704,-0.2
3.462272,-0.2
3.472152,-0.2
3.48202,-0.2
3.491888,-0.2
3.501784,-0.2
3.510796,-0.2
3.520684,-0.2
3.530568,-0.2
3.540464,-0.2
3.55036,-0.2
3.560924,-0.2
3.5708,-0.2
3.580664,-0.2
3.590544,-0.2
3.600412,-0.2
3.610972,-0.2
3.620852,-0.2
3.630764,-0.2
3.640656,-0.2
3.650528,-0.2
3.661096,-0.2
3.670968,-0.2
3.680848,-0.2
3.690736,-0.2
3.700604,-0.2
3.71116,-0.2
3.721036,-0.2
3.730932,-0.2
3.7408,-0.2
3.750668,-0.2
3.761212,-0.2
3.7711,-0.2
3.78098,-0.2
3.79086,-0.2
3.800732,-0.2
3.810608,-0.2
3.82118,-0.2
3.831056,-0.2
3.840936,-0.2
3.85082,-0.2
3.860696,-0.2
3.86968,-0.2
3.879556,-0.2
3.889436,-0.2
3.899312,-0.2
3.909184,-0.2
3.91974,-0.2
3.92962,-0.2
3.939488,-0.2
3.94936,-0.2
3.959228,-0.2
3.969788,-0.2
3.979668,-0.2
3.98954,-0.2
3.999408,-0.2
4.009284,-0.2
4.01914,-0.2
4.029696,-0.2
4.039564,-0.2
4.049444,-0.2
4.059308,-0.2
4.069184,-0.2
4.079776,-0.2
4.089664,-0.2
4.09954,-0.2
4.109408,-0.2
4.119284,-0.2
4.129852,-0.2
4.139744,-0.2
4.149644,-0.2
4.15954,-0.2
4.169428,-0.2
4.180004,-0.2
4.189892,-0.2
4.199788,-0.2
4.209676,-0.2
4.21956,-0.2
4.230112,-0.2
4.24,-0.2
4.249868,-0.2
4.259748,-0.2
4.269636,-0.2
4.277948,-0.2
4.288508,-0.2
4.298404,-0.2
4.308272,-0.2
4.318152,-0.2
4.32802,-0.2
4.338588,-0.2
4.348464,-0.2
4.358336,-0.2
4.368208,-0.2
4.37808,-0.2
4.388648,-0.2
4.398532,-0.2
4.408404,-0.2
4.418268,-0.2
4.428144,-0.2
4.438696,-0.2
4.448588,-0.2
4.458456,-0.2
4.46834,-0.2
4.478208,-0.2
4.488756,-0.2
4.498636,-0.2
4.508512,-0.2
4.5184,-0.2
4.528284,-0.2
4.538844,-0.2
4.548708,-0.2
4.558568,-0.2
4.568444,-0.2
4.57832,-0.2
4.586628,-0.2
4.597204,-0.2
4.60708,-0.2
4.616944,-0.2
4.62682,-0.2
4.636696,-0.2
4.647256,-0.2
4.657128,-0.2
4.667004,-0.2
4.676876,-0.2
4.68676,-0.2
4.697328,-0.2
4.707204,-0.2
4.71708,-0.2
4.726952,-0.2
4.736828,-0.2
4.747396,-0.2
4.757264,-0.2
4.76714,-0.2
4.777008,-0.2
4.786888,-0.2
4.797444,-0.2
4.807332,-0.2
4.817212,-0.2
4.827076,-0.2
4.836952,-0.2
4.847528,-0.2
4.857424,-0.2
4.867304,-0.2
4.877168,-0.2
4.88704,-0.2
4.897604,-0.2
4.907488,-0.2
4.917348,-0.2
4.927216,-0.2
4.937092,-0.2
4.9454,-0.2
4.955964,-0.2
4.96586,-0.2
4.975724,-0.2
4.985584,-0.2
4.995468,-0.2
5.006028,-0.2
5.015904,-0.2
5.025776,-0.2
5.035688,-0.2
5.045564,-0.2
5.056128,-0.2
5.066004,-0.2
5.075884,-0.2
5.08578,-0.2
5.09566,-0.2
5.10622,-0.2
5.116096,-0.2
5.126008,-0.2
5.135888,-0.2
5.145772,-0.2
5.15566,-0.2
5.16626,-0.2
5.176148,-0.2
5.186032,-0.2
5.195924,-0.2
5.205792,-0.2
5.216376,-0.2
5.226252,-0.2
5.236136,-0.2
5.246016,-0.2
5.2559,-0.2
5.26648,-0.2
5.276372,-0.2
5.286256,-0.2
5.296148,-0.2
5.30602,-0.2
5.315008,-0.2
5.324884,-0.2
5.334748,-0.2
5.344628,-0.2
5.354504,-0.2
5.365068,-0.2
5.374936,-0.2
5.384812,-0.2
0.010648,-0.2
0.017328,-0.2
0.025508,-0.2
0.033696,-0.2
0.041872,-0.2
0.052272,-0.2
0.061988,-0.2
0.071676,-0.2
0.081392,-0.2
0.089588,-0.2
0.099312,-0.2
0.109732,-0.2
0.119572,-0.2
0.129424,-0.2
0.139272,-0.2
0.147564,-0.2
0.158104,-0.2
0.167944,-0.2
0.177788,-0.2
0.187628,-0.2
0.197472,-0.2
0.208012,-0.2
0.217864,-0.2
0.227712,-0.2
0.23756,-0.2
0.247408,-0.2
0.257936,-0.2
0.267812,-0.2
0.27764,-0.2
0.287476,-0.2
0.29732,-0.2
0.305612,-0.2
0.316148,-0.2
0.326012,-0.2
0.335844,-0.2
0.345704,-0.2
0.355576,-0.2
0.366128,-0.2
0.375988,-0.2
0.38584,-0.2
0.395712,-0.2
0.405576,-0.2
0.416132,-0.2
0.425996,-0.2
0.435856,-0.2
0.445712,-0.2
0.455576,-0.2
0.46614,-0.2
0.476012,-0.2
0.4859,-0.2
0.49578,-0.2
0.505652,-0.2
0.513952,-0.2
0.524536,-0.2
0.534408,-0.2
0.544288,-0.2
0.554152,-0.2
0.564032,-0.2
0.574592,-0.2
0.58448,-0.2
0.59436,-0.2
0.604244,-0.2
0.614128,-0.2
0.624692,-0.2
0.634588,-0.2
0.644472,-0.2
0.654352,-0.2
0.664236,-0.2
0.674792,-0.2
0.68468,-0.2
0.694552,-0.2
0.70442,-0.2
0.714308,-0.2
0.72486,-0.2
0.73474,-0.2
0.74462,-0.2
0.754504,-0.2
0.764392,-0.2
0.774952,-0.2
0.784844,-0.2
0.794704,-0.2
0.80458,-0.2
0.814456,-0.2
0.824316,-0.2
0.833332,-0.2
0.843212,-0.2
0.853092,-0.2
0.862956,-0.2
0.87284,-0.2
0.8834,-0.2
0.89328,-0.2
0.903148,-0.2
0.913028,-0.2
0.922912,-0.2
0.933468,-0.2
0.943336,-0.2
0.953208,-0.2
0.963076,-0.2
0.972956,-0.2
0.983512,-0.2
0.993392,-0.2
1.003268,-0.2
1.013144,-0.2
1.023028,-0.2
1.032916,-0.2
1.043508,-0.2
1.05342,-0.2
1.063324,-0.2
1.073204,-0.2
1.083088,-0.2
1.093656,-0.2
1.10354,-0.2
1.113428,-0.2
1.123312,-0.2
1.133212,-0.2
1.143768,-0.2
1.153664,-0.2
1.163536,-0.2
1.17342,-0.2
1.1833,-0.2
1.193848,-0.2
1.203736,-0.2
1.213612,-0.2
1.223488,-0.2
1.233364,-0.2
1.2424,-0.2
1.25228,-0.2
1.262168,-0.2
1.272056,-0.2
1.281928,-0.2
1.2925,-0.2
1.302388,-0.2
1.312268,-0.2
1.322136,-0.2
1.332,-0.2
1.34188,-0.2
1.352436,-0.2
1.362328,-0.2
1.372216,-0.2
1.3821,-0.2
1.391984,-0.2
1.402544,-0.2
1.412408,-0.2
1.422272,-0.2
1.43214,-0.2
1.442008,-0.2
1.452572,-0.2
1.46244,-0.2
1.472308,-0.2
1.48218,-0.2
1.49204,-0.2
1.502604,-0.2
1.51248,-0.2
1.522352,-0.2
1.53222,-0.2
1.54208,-0.2
1.551068,-0.2
1.560944,-0.2
1.570812,-0.2
1.580696,-0.2
1.590564,-0.2
1.600428,-0.2
1.611008,-0.2
1.62088,-0.2
1.630748,-0.2
1.640604,-0.2
1.650472,-0.2
1.661032,-0.2
1.670912,-0.2
1.68078,-0.2
1.69064,-0.2
1.700496,-0.2
1.711028,-0.2
1.7209,-0.2
1.730752,-0.2
1.740604,-0.2
1.75046,-0.2
1.760996,-0.2
1.770872,-0.2
1.780748,-0.2
1.790608,-0.2
1.800488,-0.2
1.808788,-0.2
1.819348,-0.2
1.829236,-0.2
1.8391,-0.2
1.848968,-0.2
1.858828,-0.2
1.869392,-0.2
1.879256,-0.2
1.889136,-0.2
1.899016,-0.2
1.908896,-0.2
1.919456,-0.2
1.929324,-0.2
1.939188,-0.2
1.949072,-0.2
1.958936,-0.2
1.969508,-0.2
1.979356,-0.2
1.989228,-0.2
1.999092,-0.2
2.008964,-0.2
2.019512,-0.2
2.0294,-0.2
2.039276,-0.2
2.049164,-0.2
2.05904,-0.2
2.067344,-0.2
2.077896,-0.2
2.087752,-0.2
2.097636,-0.2
2.107504,-0.2
2.117372,-0.2
2.127932,-0.2
2.137804,-0.2
2.147672,-0.2
2.157512,-0.2
2.167356,-0.2
2.17788,-0.2
2.187732,-0.2
2.19758,-0.2
2.207424,-0.2
2.217276,-0.2
2.227816,-0.2
2.237692,-0.2
2.247556,-0.2
2.257416,-0.2
2.267284,-0.2
2.276288,-0.2
2.286152,-0.2
2.29602,-0.2
2.305876,-0.2
2.31574,-0.2
2.32628,-0.2
2.33614,-0.2
2.346004,-0.2
2.355864,-0.2
2.365728,-0.2
2.375584,-0.2
2.386124,-0.2
2.395972,-0.2
2.405832,-0.2
2.41568,-0.2
2.425544,-0.2
2.436104,-0.2
2.445988,-0.2
2.455852,-0.2
2.465736,-0.2
2.475596,-0.2
2.484576,-0.2
2.494452,-0.2
2.504316,-0.2
2.514176,-0.2
2.524052,-0.2
2.534608,-0.2
2.544488,-0.2
2.55436,-0.2
2.564228,-0.2
2.574088,-0.2
2.583948,-0.2
2.594492,-0.2
2.60434,-0.2
2.61418,-0.2
2.624044,-0.2
2.633896,-0.2
2.64444,-0.2
2.6543,-0.2
2.664156,-0.2
2.674016,-0.2
2.683864,-0.2
2.692848,-0.2
2.70272,-0.2
2.712588,-0.2
2.722444,-0.2
2.732308,-0.2
2.742848,-0.2
2.752708,-0.2
2.762572,-0.2
2.772436,-0.2
2.782292,-0.2
2.792148,-0.2
2.8027,-0.2
2.81256,-0.2
2.822412,-0.2
2.832276,-0.2
2.842136,-0.2
2.85268,-0.2
2.862548,-0.2
2.872396,-0.2
2.88224,-0.2
2.892088,-0.2
2.901072,-0.2
2.910944,-0.2
2.920812,-0.2
2.930676,-0.2
2.940556,-0.2
2.9511,-0.2
2.960972,-0.2
2.97084,-0.2
2.980704,-0.2
2.990572,-0.2
3.001116,-0.2
3.01098,-0.2
3.020828,-0.2
3.030696,-0.2
3.040544,-0.2
3.050396,-0.2
3.060928,-0.2
3.07078,-0.2
3.080644,-0.2
3.090504,-0.2
3.10036,-0.2
3.109344,-0.2
3.119192,-0.2
3.129048,-0.2
3.1389,-0.2
3.148756,-0.2
3.159308,-0.2
3.169164,-0.2
3.179012,-0.2
3.188864,-0.2
3.198724,-0.2
3.20926,-0.2
3.219116,-0.2
3.228964,-0.2
3.238816,-0.2
3.248672,-0.2
3.259216,-0.2
3.26908,-0.2
3.278944,-0.2
3.288812,-0.2
3.29868,-0.2
3.306972,-0.2
3.317508,-0.2
3.327384,-0.2
3.337232,-0.2
3.347104,-0.2
3.356964,-0.2
3.367512,-0.2
3.377372,-0.2
3.387212,-0.2
3.397088,-0.2
3.406936,-0.2
3.41748,-0.2
3.42734,-0.2
3.4372,-0.2
3.447076,-0.2
3.456936,-0.2
3.46748,-0.2
3.477332,-0.2
3.487196,-0.2
3.497048,-0.2
3.506904,-0.2
3.5152,-0.2
3.52576,-0.2
3.53562,-0.2
3.5455,-0.2
3.555364,-0.2
3.565224,-0.2
3.575756,-0.2
3.585608,-0.2
3.59546,-0.2
3.605352,-0.2
3.615244,-0.2
3.625812,-0.2
3.635692,-0.2
3.645548,-0.2
3.655396,-0.2
3.66526,-0.2
3.67582,-0.2
3.685704,-0.2
3.695572,-0.2
3.705416,-0.2
3.715244,-0.2
3.724212,-0.2
3.73406,-0.2
3.743888,-0.2
3.753732,-0.2
3.763604,-0.2
3.773464,-0.2
3.784016,-0.2
3.793868,-0.2
3.803736,-0.2
3.813604,-0.2
3.823464,-0.2
3.834016,-0.2
3.84388,-0.2
3.853752,-0.2
3.863628,-0.2
3.8735,-0.2
3.884064,-0.2
3.893936,-0.2
3.903764,-0.2
3.913592,-0.2
3.921864,-0.2
3.932388,-0.2
3.942216,-0.2
3.952052,-0.2
3.961868,-0.2
3.971704,-0.2
3.981528,-0.2
3.992048,-0.2
4.001888,-0.2
4.011716,-0.2
4.021548,-0.2
4.02984,-0.2
4.04038,-0.2
4.050256,-0.2
4.06014,-0.2
4.070032,-0.2
4.07992,-0.2
4.090492,-0.2
4.100396,-0.2
4.110284,-0.2
4.120196,-0.2
4.130056,-0.2517
4.140588,-0.2444
4.150444,-0.2383
4.160304,-0.2348
4.170168,-0.2353
4.180032,-0.2369
4.189896,-0.2394
4.20046,-0.2174
4.210324,-0.2229
4.220188,-0.2401
4.230036,-0.2804
4.239884,-0.3752
4.248856,-0.0935
4.2587,-0.0448
4.268532,-0.0482
4.278436,-0.029
4.28836,0.0243
4.298996,0.0761
4.308948,0.1119
4.318916,0.1428
4.328872,0.1528
4.338836,0.143
4.348784,0.1295
4.35944,0.1047
4.369396,0.0828
4.379364,0.0837
4.389328,0.0922
4.399272,0.1037
4.409932,0.1306
4.4199,0.1506
4.429852,0.1575
4.439724,-0.143
4.44956,-0.1816
4.460096,-0.1595
4.469952,-0.1315
4.479836,-0.1026
4.489732,-0.0991
4.499616,-0.1381
4.510244,-0.1641
4.520216,0.3425
4.530188,0.3259
4.540144,0.2174
4.550108,0.1029
4.560748,0.0236
4.570632,-0.0129
4.58052,-0.0009
4.59044,0.0214
4.600344,0.0428
4.611116,0.0699
4.62108,0.0831
4.631036,0.0901
4.640984,0.101
4.650936,0.1007
4.661584,0.1016
4.673104,-0.4724
4.683096,-0.4646
4.693092,-0.4659
4.703076,-0.4756
4.713764,-0.4853
4.72372,-0.4837
4.733648,-0.4872
4.743644,-0.4942
4.753652,-0.4985
4.764352,-0.5192
4.774368,-0.5393
4.784388,-0.5524
4.794356,-0.5645
4.804312,-0.5706
4.814996,-0.577
4.826556,-0.5147
4.836548,-0.4906
4.846532,-0.4685
4.856516,-0.4399
4.8672,-0.4171
4.8772,-0.4139
4.887204,-0.4229
4.897316,-0.429
4.907284,-0.4413
4.917912,-0.4658
4.929468,0.0498
4.939412,0.0567
4.949332,0.0731
4.959264,0.0943
4.969924,0.1084
4.979888,0.1208
4.989852,0.1347
4.99982,0.1277
5.00978,0.1185
5.020432,0.1109
5.0304,0.1047
5.040356,0.0968
5.050312,0.1066
5.060276,0.1111
5.070924,0.1256
5.082564,0.1173
5.09254,0.1402
5.1025,0.1613
5.112468,0.1614
5.123032,-0.1292
5.132884,-0.1336
5.142796,-0.0728
5.152744,-0.0188
5.16274,0.0117
5.173496,-0.0074
5.1834,-0.0601
5.193272,-0.1375
5.203164,-0.1973
5.212984,-0.2509
5.222824,-0.2614
5.233356,-0.2441
5.243264,-0.2038
5.253152,-0.1595
5.2631,-0.1022
5.273044,-0.0608
5.283652,-0.0091
5.293632,0.0442
5.303612,0.0924
5.313584,0.1144
5.32356,0.0985
5.334216,0.0708
5.345724,-0.5098
5.355676,-0.5175
5.365632,-0.5051
5.3756,-0.4983
5.386224,-0.4947
5.396184,-0.4927
5.406136,-0.4977
5.416124,-0.494
5.426108,-0.4973
5.436756,-0.4992
5.446716,-0.5154
5.457316,-0.5412
5.468804,-0.3686
5.478724,-0.4
5.48932,-0.4173
5.499256,-0.4288
5.509188,-0.4299
5.519112,-0.4315
5.529052,-0.4289
5.539676,-0.4303
5.54962,-0.4229
5.559556,-0.4076
5.569492,-0.4137
5.579456,-0.4191
5.590096,-0.4203
5.60004,-0.3968
5.609988,-0.3765
5.61994,-0.3692
5.629884,-0.3834
5.640532,-0.4054
5.65208,0.1381
5.662016,0.1317
5.671948,0.136
5.681868,0.1574
5.69248,0.1832
5.702392,0.2017
5.712324,0.2159
5.722292,0.2291
5.73226,0.2242
5.743576,0.2109
5.755192,0.012
5.765132,0.0104
5.775076,0.0157
5.78504,0.0448
5.795684,0.099
5.80564,0.1559
5.815604,0.2102
5.82556,0.2249
5.835552,0.2115
5.846192,0.1542
5.857712,-0.3131
5.86764,-0.3794
5.877528,-0.4586
5.887364,-0.5593
5.897884,-0.662
5.90772,-0.7315
5.917564,-0.7789
5.927396,-0.8444
5.937256,-0.8819
5.947796,-0.9059
5.957652,-0.996
5.967548,-1.0
5.977452,-1.0
5.987384,-1.0
5.998012,-1.0
6.00794,-1.0
6.018588,-1.0
6.028532,-0.9161
6.038512,-0.8038
6.049192,-0.7209
6.05916,-0.6648
6.069132,-0.6277
6.07912,-0.5988
6.089072,-0.5615
6.09974,-0.5439
6.111288,-0.2881
6.121276,-0.2721
6.131268,-0.2716
6.14126,-0.2727
6.151932,-0.263
6.161908,-0.2425
6.1719,-0.2462
6.18186,-0.2757
6.191792,-0.3279
6.202448,-0.3617
6.212344,-0.3533
6.222292,-0.3398
6.232248,-0.3233
6.242188,-0.3082
6.252864,-0.3134
6.264464,0.1771
6.274388,0.1497
6.284312,0.1248
6.294244,0.1022
6.305504,0.0835
6.317016,-0.1304
6.326952,-0.1166
6.336896,-0.0859
6.346812,-0.0035
6.357472,0.0499
6.367428,0.0749
6.377372,0.0749
6.387328,0.0523
6.397288,0.0108
6.407884,-0.0021
6.417816,-0.0266
6.427756,-0.0327
6.437696,-0.036
6.447624,-0.0278
6.458256,-0.0063
6.468248,0.012
6.478208,0.0369
6.488176,0.0395
6.498136,0.0097
6.508736,-0.0285
6.52022,-0.5612
6.530156,-0.5383
6.540164,-0.4597
6.55016,-0.3295
6.56084,-0.1743
6.570876,-0.0671
6.581564,-0.0275
6.593156,0.0931
6.603096,-0.0779
6.61374,-0.2375
6.62366,-0.6725
6.633452,-0.766
6.64326,-0.7635
6.653092,-0.4124
6.663628,-0.3493
6.673536,-0.3664
6.683432,-0.4686
6.693272,-0.6001
6.703096,-0.6634
6.71364,-0.6736
6.723532,-0.6416
6.733484,-0.5693
6.74344,-0.5367
6.753388,-0.6113
6.76404,-0.6497
6.773988,-0.6758
6.783932,-0.6415
6.793892,-0.5878
6.803844,-0.5421
6.814532,-0.4985
6.824532,-0.4181
6.834544,-0.3387
6.844556,-0.2918
6.85456,-0.2566
6.8659,-0.257
6.877492,0.1849
6.887476,0.1543
6.8974,0.1189
6.907316,0.0896
6.917916,0.0685
6.929364,-0.1326
6.939284,-0.1399
6.949232,-0.1256
6.959184,-0.1225
6.96982,-0.104
6.97976,-0.0948
6.989708,-0.0966
6.999652,-0.1255
7.009596,-0.1356
7.020216,-0.126
7.030136,-0.0729
7.04006,-0.0311
7.050044,0.0248
7.06002,0.073
7.070648,0.0878
7.080616,0.0671
7.090584,0.0347
7.10054,0.0172
7.11048,0.0053
7.121132,0.0136
7.132636,-0.4942
7.143272,-0.4366
7.153248,-0.4147
7.163228,-0.4021
7.173896,-0.4101
7.185444,-0.2547
7.19538,-0.2675
7.205312,-0.2812
7.215252,-0.2786
7.225896,-0.2679
7.235872,-0.272
7.245808,-0.2944
7.255756,-0.3256
7.265704,-0.3705
7.275676,-0.421
7.285572,-0.4739
7.295472,-0.5326
7.305368,-0.5319
7.3153,-0.4832
7.325932,-0.372
7.335912,-0.1956
7.34592,-0.0185
7.355944,0.088
7.365944,0.1599
7.37664,0.1664
7.386652,0.0951
7.396596,-0.117
7.406568,-0.3181
7.416468,-0.4577
7.426996,-0.586
7.43684,-0.6582
7.446676,-0.6702
7.456512,-0.6631
7.466364,-0.6377
7.476244,-0.5994
7.486108,-0.5481
7.495944,-0.5134
7.505776,-0.4863
7.51566,-0.4374
7.525728,-0.4177
7.536356,-0.4332
7.546284,-0.4899
7.55626,-0.4757
7.566236,-0.4318
7.576224,-0.3662
7.5869,-0.317
7.596868,-0.2876
7.606852,-0.2819
7.616844,-0.2693
7.626824,-0.2587
7.637504,-0.2561
7.647496,-0.2644
7.657492,-0.2875
7.667436,-0.3076
7.677372,-0.3123
7.688004,-0.3183
7.697952,-0.3235
7.707904,-0.3206
7.717852,-0.3313
7.7278,-0.3478
7.738448,-0.3521
7.750008,0.1411
7.759924,0.1342
7.76984,0.1245
7.779752,0.1147
7.790368,0.1296
7.800284,0.1456
7.810336,0.175
7.820236,0.2054
7.8302,0.2293
7.840868,0.2339
7.850828,0.2259
7.860796,0.2175
7.870748,0.2007
7.880712,0.2011
7.891372,0.1907
7.901344,0.1747
7.911324,0.159
7.92124,0.1471
7.931184,0.1478
7.941812,0.1439
7.953348,-0.0174
7.9633,-0.0144
7.973228,-0.0264
7.983152,-0.0284
7.993792,-0.043
8.003725,-0.0396
8.013661,-0.0298
8.023592,-0.0163
8.033516,-0.0169
8.044129,-0.0165
8.054068,-0.0209
8.063988,-0.0104
8.073972,0.0451
8.084084,0.1098
8.0947,0.1558
8.104653,0.1981
8.114597,0.2046
8.124541,0.1616
8.134485,0.0849
8.145076,-0.0232
8.156509,-0.5218
8.166344,-0.6101
8.176177,-0.6938
8.186,-0.7469
8.196533,-0.7732
8.206384,-0.8237
8.21624,-0.8532
8.226133,-0.8636
8.236021,-0.8685
8.246652,-0.8478
8.256608,-0.8498
8.266613,-0.8204
8.276609,-0.7703
8.286601,-0.6799
8.296621,-0.598
8.3066,-0.5141
8.316604,-0.4873
8.326617,-0.4819
8.336565,-0.4887
8.346532,-0.5139
8.356496,-0.5204
8.36706,-0.5293
8.376984,-0.5408
8.3869,-0.5666
8.396857,-0.5988
8.406785,-0.6234
8.416732,-0.6449
8.426669,-0.6711
8.43662,-0.6814
8.446593,-0.6872
8.456548,-0.6943
8.466508,-0.6773
8.476496,-0.6629
8.486489,-0.6417
8.496528,-0.6124
8.506517,-0.6108
8.516509,-0.5906
8.52652,-0.5763
8.536464,-0.5715
8.544884,-0.0247
8.554848,-0.0319
8.564792,-0.0492
8.574728,-0.0564
8.584672,-0.0604
8.594633,-0.0628
8.604568,-0.0522
8.6145,-0.0294
8.624428,-0.0103
8.634345,-0.0054
8.642664,0.1991
8.653301,0.2002
8.663252,0.1872
8.673205,0.1885
8.68316,0.1869
8.693117,0.1793
8.703121,0.1695
8.713052,0.1505
8.72298,0.1487
8.732905,0.1555
8.74282,0.1633
8.752768,0.1786
8.762748,0.1896
8.772716,0.1821
8.782665,0.1832
8.792644,0.1797
8.803317,0.1851
8.813301,0.2018
8.823261,0.2194
8.833225,0.2152
8.843185,0.1878
8.853853,0.1433
8.863764,0.0973
8.873681,0.059
8.883552,0.0333
8.895056,-0.5965
8.905724,-0.4601
8.917277,-0.3536
8.927241,-0.3008
8.9372,-0.2661
8.947184,-0.2434
8.957264,-0.2285
8.967352,-0.2187
8.977389,-0.2123
8.987457,-0.208
8.997556,-0.2053
9.0083,-0.2035
9.018344,-0.2023
9.028412,-0.2015
9.040077,-0.2009
9.049977,-0.1643
9.060504,-0.1809
9.070341,-0.191
9.080181,-0.1949
9.090021,-0.2003
9.099872,-0.2049
9.110397,-0.21
9.120252,-0.2234
9.130145,-0.2701
9.14014,-0.2921
9.150129,-0.3282
9.16014,-0.3654
9.170112,-0.3883
9.180036,-0.4033
9.189956,-0.4186
9.199889,-0.442
9.210513,-0.4661
9.220437,-0.4826
9.23036,-0.5275
9.240257,-0.5747
9.250844,-0.6019
9.261472,-0.6263
9.271392,-0.6495
9.281316,-0.6457
9.291304,-0.6512
9.301304,-0.643
9.311305,-0.623
9.321296,-0.6148
9.331316,-0.6023
9.341253,-0.6005
9.351184,-0.5983
9.361165,-0.603
9.371109,-0.5979
9.381072,-0.603
9.391009,-0.6098
9.400948,-0.6243
9.411592,-0.6278
9.421532,-0.6329
9.431492,-0.6346
9.441429,-0.6414
9.451364,-0.6366
9.462,-0.6347
9.471928,-0.6386
9.481872,-0.6437
9.491821,-0.6566
9.50176,-0.6558
9.511693,-0.6736
9.521689,-0.6706
9.532277,-0.6632
9.542201,-0.6586
9.552168,-0.6356
9.562141,-0.5833
9.572156,-0.5114
9.582144,-0.4222
9.592132,-0.3386
9.602112,-0.2794
9.612085,-0.2557
9.62278,-0.2861
9.632753,-0.3494
9.642741,-0.4168
9.652632,-0.494
9.662508,-0.5657
9.672389,-0.6399
9.682245,-0.71
9.692069,-0.7789
9.70192,-0.8178
9.71176,-0.841
9.722292,-0.8812
9.732192,-0.9027
9.742129,-0.9208
9.752068,-0.9018
9.762012,-0.865
9.772672,-0.8493
9.782669,-0.8
9.792636,-0.736
9.802617,-0.6727
9.813281,-0.6211
9.823952,-0.5724
9.835484,-0.2902
9.84546,-0.2791
9.855441,-0.2893
9.865432,-0.3024
9.876076,-0.3042
9.886016,-0.3163
9.895953,-0.325
9.9059,-0.3218
9.915844,-0.3193
9.926457,-0.3171
9.936412,-0.3154
9.946389,-0.3212
9.956333,-0.339
9.966268,-0.3636
9.976252,-0.3886
9.986192,-0.4113
9.996145,-0.415
10.00608,-0.4265
10.016073,-0.4338
10.026101,-0.44
10.036096,-0.4317
10.046109,-0.4277
10.056128,-0.4313
10.066137,-0.4288
10.076185,-0.4329
10.086209,-0.4381
10.096884,-0.4201
10.106872,-0.4056
10.116865,-0.387
10.126953,-0.3655
10.137037,-0.3702
10.147092,-0.3653
10.157156,-0.3584
10.167173,-0.3647
10.177208,-0.3613
10.18728,-0.3472
10.19734,-0.3352
10.207401,-0.3323
10.21744,-0.3257
10.227524,-0.3397
10.237561,-0.3512
10.247596,-0.3789
10.257609,-0.3867
10.267621,-0.394
10.277672,-0.4062
10.287689,-0.4273
10.2977,-0.4326
10.307701,-0.4488
10.317696,-0.4982
10.328413,-0.5254
10.340065,0.1334
10.350072,0.1571
10.360069,0.2093
10.370108,0.2508
10.381477,0.267
10.393157,0.124
10.403184,0.1546
10.413236,0.1926
10.423273,0.2445
10.434033,0.2667
10.445672,-0.1555
10.455777,-0.2487
10.465828,-0.3629
10.475836,-0.4559
10.48648,-0.5455
10.497933,-0.567
10.507837,-0.667
10.517737,-0.684
10.527645,-0.6712
10.538276,-0.6306
10.5482,-0.5768
10.558124,-0.5491
10.568108,-0.5471
10.578137,-0.538
10.588849,-0.5475
10.598864,-0.5713
10.608917,-0.6002
10.618965,-0.5664
10.629036,-0.5618
10.639733,-0.5465
10.651349,0.1798
10.661993,0.1922
10.671984,0.1995
10.681977,0.2005
10.692648,0.2117
10.704333,0.034
10.714352,0.0528
10.724372,0.0795
10.734393,0.0887
10.745117,0.0904
10.7567,-0.4646
10.766749,-0.4596
10.776812,-0.4667
10.786812,-0.4763
10.797516,-0.4901
10.80752,-0.4975
10.817517,-0.5069
10.827521,-0.5321
10.837553,-0.5408
10.848244,-0.5801
10.859808,-0.4091
10.869812,-0.415
10.879824,-0.3973
10.889844,-0.3665
10.900616,-0.3411
10.912268,0.2126
10.922336,0.1967
10.932393,0.1846
10.943084,0.1712
10.953148,0.1535
10.96316,0.1465
10.973153,0.1389
10.983153,0.1323
10.993148,0.1389
11.003176,0.1515
11.013169,0.1605
11.023204,0.1711
11.033245,0.168
11.043285,0.1629
11.053304,0.1536
11.063292,0.1346
11.073288,0.1239
11.083292,0.1192
11.0933,0.1221
11.103324,0.1362
11.113325,0.1481
11.123329,0.1603
11.133324,0.1747
11.143308,0.1806
11.153328,0.183
11.163336,0.1864
11.173377,0.1921
11.183444,0.175
11.193436,0.172
11.203473,0.1612
11.213484,0.1573
11.224124,0.1623
11.234112,0.1726
11.244156,0.1843
11.25422,0.2135
11.264248,0.26
11.27428,0.3104
11.284304,0.3364
11.294348,0.3317
11.304425,0.2989
11.314449,0.2303
11.324488,0.1276
11.334465,0.0182
11.344352,-0.0781
11.354281,-0.1401
11.364185,-0.1739
11.374096,-0.1793
11.384004,-0.1492
11.393928,-0.1006
11.403877,-0.04
11.413817,0.0403
11.423781,0.1313
11.433793,0.2221
11.443857,0.3057
11.454601,0.3252
11.464645,0.2877
11.474693,0.2242
11.484757,0.1666
11.494772,0.1329
11.506109,0.1233
11.517692,-0.0453
11.527696,-0.01
11.537733,0.0291
11.547768,0.0498
11.558485,0.0555
11.57008,-0.5331
11.580128,-0.4975
11.590192,-0.4873
11.600244,-0.485
11.610968,-0.4832
11.622556,-0.3041
11.63258,-0.3168
11.642604,-0.3368
11.652612,-0.3534
11.663349,-0.3651
11.67338,-0.3987
11.683397,-0.4124
11.693428,-0.4219
11.70344,-0.4339
11.71414,-0.4436
11.725756,0.1688
11.73576,0.1803
11.745748,0.1867
11.755748,0.1998
11.766476,0.195
11.778788,-0.0124
11.788781,-0.0106
11.798772,-0.0089
11.808804,0.0005
11.819517,0.0011
11.831096,-0.5959
11.84108,-0.5941
11.851073,-0.5904
11.861064,-0.5847
11.871781,-0.5704
11.881849,-0.5623
11.891901,-0.5527
11.901968,-0.5423
11.913529,-0.3542
11.924237,-0.3607
11.934261,-0.3721
11.944293,-0.3786
11.954308,-0.3828
11.964301,-0.3926
11.975008,-0.4112
11.986624,0.1451
11.996621,0.1609
12.006605,0.1773
12.01658,0.1897
12.02666,0.1943
12.036712,0.1933
12.04676,0.1868
12.057456,0.1788
12.067492,0.172
12.077552,0.1793
12.087589,0.1815
12.097628,0.2002
12.107656,0.2271
12.1177,0.2578
12.127773,0.2882
12.137832,0.3028
12.147872,0.2906
12.1579,0.2473
12.167932,0.1906
12.178005,0.1176
12.189544,-0.0969
12.199444,-0.1722
12.209361,-0.2294
12.219264,-0.282
12.229876,-0.3319
12.239796,-0.3638
12.249716,-0.3632
12.259664,-0.3401
12.269604,-0.31
12.280248,-0.2533
12.290261,-0.1727
12.300276,-0.0743
12.310333,0.0226
12.320364,0.0911
12.331745,0.1229
12.343333,-0.8739
12.353388,-0.7451
12.36344,-0.6661
12.373476,-0.5928
12.384201,-0.5388
12.3958,-0.3029
12.405824,-0.2871
12.415877,-0.2776
12.425925,-0.2794
12.436697,-0.2885
12.448305,0.1149
12.458296,0.0964
12.468284,0.0784
12.478233,0.0691
12.488228,0.0785
12.498192,0.1099
12.508185,0.1449
12.518173,0.1708
12.528177,0.1765
12.538208,0.1859
12.548209,0.1834
12.558209,0.1774
12.568208,0.1916
12.578208,0.2052
12.588276,0.218
12.598317,0.2228
12.608372,0.222
12.61906,0.211
12.629069,0.2018
12.639124,0.1844
12.649165,0.1637
12.659209,0.1379
12.6692,0.1217
12.679181,0.1175
12.689221,0.1309
12.699209,0.1432
12.7092,0.1524
12.719177,0.1631
12.729228,0.1764
12.739324,0.1822
12.749384,0.1832
12.759436,0.1769
12.769484,0.1673
12.779533,0.1639
12.789612,0.1489
12.799633,0.1446
12.809648,0.1423
12.819661,0.1368
12.829685,0.1349
12.839729,0.1457
12.849748,0.162
12.859796,0.2016
12.869836,0.2458
12.879904,0.2784
12.889965,0.2918
12.90066,0.2696
12.910656,0.2273
12.920688,0.1582
12.930725,0.0934
12.940732,0.0436
12.950633,-0.0109
12.960513,-0.0718
12.970417,-0.1139
12.98032,-0.1351
12.990241,-0.1339
13.000157,-0.0917
13.010041,-0.0144
13.019972,0.0695
13.029905,0.1569
13.040589,0.2267
13.050577,0.2945
13.060608,0.3295
13.070629,0.3325
13.080664,0.3087
13.091377,0.2763
13.101425,0.2433
13.11146,0.2259
13.121488,0.2043
13.131541,0.1856
13.142292,0.1728
13.154016,0.0185
13.164065,0.0116
13.174757,0.0188
13.186336,-0.451
13.197076,-0.4539
13.208657,-0.305
13.218656,-0.3219
13.228689,-0.3564
13.238704,-0.3833
13.249361,-0.4117
13.259408,-0.4275
13.269416,-0.4401
13.279417,-0.4524
13.289428,-0.4629
13.300132,-0.4644
13.311764,0.1786
13.321781,0.178
13.331785,0.19
13.34178,0.1959
13.352517,0.2062
13.364216,0.0109
13.374273,0.021
13.384317,0.0101
13.394365,0.0243
13.405113,0.0243
13.415164,0.0154
13.425209,0.0124
13.435204,-0.0065
13.4452,-0.0122
13.456564,-0.0149
13.46808,-0.5519
13.479624,-0.3522
13.489604,-0.3629
13.499592,-0.3591
13.510296,-0.3631
13.520297,-0.3686
13.530308,-0.3684
13.540305,-0.3703
13.550312,-0.3697
13.56102,-0.3553
13.572689,0.2105
13.582736,0.2424
13.592777,0.2613
13.602841,0.2654
13.613573,0.2554
13.625268,0.1132
13.635305,0.0668
13.645293,-0.0088
13.655241,-0.0973
13.665857,-0.174
13.675765,-0.2363
13.685688,-0.2662
13.695605,-0.2711
13.70552,-0.2606
13.716136,-0.2242
13.726128,-0.1756
13.736797,-0.1394
13.748345,-0.8554
13.758333,-0.8814
13.769088,-0.8948
13.78068,-0.4634
13.79072,-0.3951
13.800776,-0.3813
13.810829,-0.3685
13.821573,-0.3672
13.831604,-0.3858
13.841612,-0.3833
13.851633,-0.3694
13.86166,-0.3536
13.871768,-0.3366
13.88184,-0.3309
13.891877,-0.317
13.901936,-0.3145
13.911993,-0.3133
13.922793,-0.319
13.934416,0.1401
13.944429,0.1321
13.954428,0.1305
13.964425,0.1278
13.975116,0.1334
13.986728,-0.0424
13.996748,-0.0523
14.006752,-0.0439
14.0174,-0.0466
14.028093,-0.0598
14.039641,-0.6852
14.04964,-0.7051
14.059609,-0.7149
14.069597,-0.7165
14.079645,-0.72
14.08964,-0.7274
14.099657,-0.7254
14.109661,-0.7029
14.119721,-0.6654
14.12982,-0.6433
14.139884,-0.6093
14.149929,-0.586
14.159989,-0.5727
14.170044,-0.5465
14.180129,-0.5205
14.190189,-0.4957
14.200268,-0.4969
14.210316,-0.5031
14.22034,-0.5189
14.230384,-0.5394
14.240408,-0.5555
14.250432,-0.58
14.260449,-0.6116
14.270461,-0.6452
14.280496,-0.6669
14.290496,-0.6698
14.301144,-0.677
14.312756,-0.3742
14.322796,-0.2882
14.333544,-0.1804
14.343605,-0.0793
14.353652,-0.0382
14.3637,-0.0383
14.373741,-0.0796
14.384485,-0.1389
14.396133,0.1019
14.406125,0.0022
14.416012,-0.0857
14.425896,-0.1446
14.436489,-0.1684
14.446393,-0.1649
14.456304,-0.1281
14.46624,-0.0841
14.476157,-0.0295
14.486812,0.0623
14.498356,-0.113
14.50836,-0.036
14.518388,0.0511
14.528412,0.1201
14.53914,0.1284
14.549197,0.087
14.559212,0.0544
14.56926,0.0312
14.579957,0.0268
14.592216,-0.4928
14.60382,-0.3018
14.613861,-0.3035
14.623868,-0.3047
14.633865,-0.3121
14.644597,-0.3034
14.654657,-0.2981
14.664736,-0.3027
14.674757,-0.3066
14.684772,-0.3205
14.695456,-0.3355
14.707053,0.1194
14.717028,0.1088
14.727017,0.1084
14.737009,0.1026
14.747029,0.1219
14.757053,0.1344
14.767065,0.1563
14.777069,0.1836
14.787069,0.1986
14.797101,0.2064
14.807096,0.2181
14.817129,0.2259
14.82718,0.217
14.837208,0.2059
14.847261,0.1799
14.85726,0.1742
14.867889,0.1574
14.877877,0.1607
14.887848,0.1683
14.897872,0.1754
14.907864,0.1754
14.917848,0.1727
14.927841,0.1606
14.937832,0.145
14.948536,0.1409
14.958524,0.1468
14.968528,0.1489
14.978516,0.1672
14.988512,0.1693
14.999184,0.1796
15.010781,-0.014
15.020769,-0.0285
15.030756,-0.0399
15.040753,-0.0301
15.051428,-0.0028
15.061469,0.023
15.071489,0.0552
15.081513,0.0956
15.091556,0.1471
15.101629,0.1948
15.111677,0.2104
15.121728,0.2031
15.131765,0.1654
15.142477,0.0958
15.154685,-0.4227
15.166209,-0.3942
15.176104,-0.4901
15.186004,-0.5934
15.1959,-0.6478
15.206513,-0.6522
15.216424,-0.6175
15.226352,-0.5991
15.236272,-0.5838
15.24626,-0.5229
15.256977,-0.4664
15.266992,-0.4471
15.277072,-0.4473
15.287124,-0.4163
15.297201,-0.3889
15.307952,-0.3734
15.319617,0.1939
15.329672,0.164
15.33968,0.1575
15.349684,0.1583
15.360381,0.1746
15.372097,0.0149
15.382137,0.0179
15.392212,0.011
15.402244,0.0083
15.412924,-0.0004
15.425148,-0.5024
15.43516,-0.5039
15.445164,-0.5152
15.455168,-0.526
15.465865,-0.5491
15.477429,-0.3689
15.487452,-0.3869
15.497465,-0.3976
15.507476,-0.4023
15.51818,-0.4021
15.528184,-0.4264
15.538185,-0.4246
15.548185,-0.4342
15.5582,-0.4241
15.568901,-0.4098
15.580556,0.2103
15.590593,0.1949
15.600581,0.1843
15.610572,0.1794
15.6206,0.1682
15.630577,0.1542
15.640572,0.1548
15.650565,0.147
15.660556,0.1579
15.670584,0.1681
15.680584,0.1822
15.690576,0.191
15.700605,0.2034
15.711269,0.2069
15.721332,0.1934
15.731376,0.1873
15.741424,0.1764
15.751473,0.1692
15.761545,0.1599
15.771576,0.1521
15.781593,0.1427
15.791588,0.1396
15.801576,0.1371
15.811565,0.1554
15.821604,0.1679
15.831601,0.1654
15.841601,0.1509
15.85158,0.1463
15.861573,0.14
15.872272,0.1502
15.883929,0.0354
15.893964,0.1184
15.904005,0.1814
15.914049,0.222
15.924784,0.2172
15.934824,0.175
15.944865,0.1063
15.954864,-0.0116
15.964828,-0.1228
15.975453,-0.1999
15.986921,-0.7175
15.996825,-0.7794
16.00674,-0.8354
16.016643,-0.9186
16.027256,-0.9457
16.037195,-0.9544
16.047172,-0.9666
16.057352,-0.9844
16.067344,-1.0
16.078075,-1.0
16.089647,-0.5217
16.0997,-0.4087
16.109727,-0.3477
16.119771,-0.323
16.13054,-0.3021
16.140584,-0.2979
16.150659,-0.2921
16.160707,-0.2714
16.170772,-0.2628
16.181547,-0.2625
16.193248,0.1673
16.203311,0.1578
16.213375,0.1503
16.223451,0.1445
16.234199,0.1301
16.245807,-0.0494
16.2558,-0.0737
16.265752,-0.0986
16.275728,-0.1183
16.286399,-0.1325
16.297924,-0.7132
16.307975,-0.7566
16.317987,-0.8077
16.328012,-0.8568
16.338859,-0.8844
16.348871,-0.8957
16.358867,-0.9071
16.368856,-0.8851
16.37886,-0.8567
16.38956,-0.8454
16.401136,-0.5172
16.411163,-0.5124
16.421192,-0.5126
16.431228,-0.4676
16.441995,-0.4326
16.453672,0.238
16.463708,0.2264
16.47376,0.2114
16.483808,0.1952
16.493875,0.1879
16.503932,0.1926
16.51398,0.1937
16.524032,0.1888
16.534091,0.1733
16.544176,0.1567
16.554191,0.1346
16.564203,0.1252
16.574211,0.1275
16.58422,0.1269
16.594259,0.1285
16.604272,0.1457
16.614271,0.1592
16.624408,0.1684
16.634387,0.1715
16.64442,0.1812
16.654468,0.2157
16.664503,0.2645
16.67456,0.3156
16.684616,0.3343
16.694704,0.3304
16.704755,0.3052
16.714784,0.2603
16.724819,0.1884
16.734867,0.0857
16.744848,-0.0068
16.754743,-0.0857
16.764652,-0.1344
16.774568,-0.1686
16.784484,-0.1804
16.794424,-0.1526
16.804355,-0.1073
16.814275,-0.0377
16.824251,0.0475
16.834215,0.1174
16.844928,0.1818
16.854927,0.2576
16.864988,0.3159
16.875043,0.3298
16.885095,0.2954
16.895843,0.2628
16.906532,0.231
16.918199,0.0293
16.928224,0.0209
16.93824,0.0091
16.948919,-0.002
16.960464,-0.5106
16.970523,-0.5027
16.980592,-0.5024
16.990644,-0.4946
17.001388,-0.4954
17.011388,-0.5049
17.021387,-0.5145
17.0314,-0.5205
17.041419,-0.548
17.052124,-0.5673
17.063692,-0.3982
17.073703,-0.4063
17.0837,-0.4043
17.093687,-0.4072
17.103723,-0.4221
17.11374,-0.4324
17.123756,-0.4285
17.133787,-0.4255
17.1438,-0.4108
17.154512,-0.4137
17.164539,-0.3994
17.174615,-0.3739
17.185331,-0.3663
17.196992,0.1913
17.207719,0.1805
17.219364,-0.0059
17.229356,-0.0108
17.239343,-0.0129
17.249343,-0.0183
17.260047,-0.0304
17.270032,-0.0297
17.280031,-0.0241
17.290016,-0.0265
17.300012,-0.0209
17.310695,-0.0237
17.322259,-0.5925
17.332284,-0.5965
17.342304,-0.5946
17.352319,-0.5784
17.363088,-0.5644
17.3747,-0.3588
17.384708,-0.3755
17.394708,-0.385
17.404703,-0.3847
17.415412,-0.387
17.425439,-0.3869
17.435455,-0.3689
17.445524,-0.3388
17.455596,-0.2734
17.466352,-0.1793
17.478008,0.3079
17.488023,0.3017
17.498043,0.2775
17.508079,0.2322
17.518808,0.1675
17.530448,-0.0703
17.540391,-0.1579
17.550296,-0.2361
17.560216,-0.3085
17.570823,-0.3584
17.580728,-0.3746
17.590648,-0.3454
17.600568,-0.274
17.610515,-0.1843
17.620563,-0.1042
17.63058,-0.0233
17.640615,0.0286
17.650651,0.1037
17.660692,0.1303
17.670768,0.1197
17.680824,0.0751
17.690872,0.0322
17.700859,-0.0089
17.710851,-0.0249
17.720891,-0.0194
17.730899,-0.016
17.741548,-0.0146
17.751539,-0.0033
17.761579,0.0108
17.77164,0.01
17.781604,-0.0006
17.791572,-0.0116
17.801576,-0.0065
17.811563,-0.0111
17.821607,-0.0059
17.831623,-0.0094
17.841636,-0.0133
17.851644,-0.0238
17.861656,-0.0381
17.871688,-0.0493
17.8817,-0.0549
17.891708,-0.0485
17.901704,-0.0394
17.911703,-0.0474
17.921747,-0.0631
17.931772,-0.0759
17.941791,-0.0898
17.951795,-0.0932
17.961807,-0.1067
17.971843,-0.1041
17.981864,-0.0903
17.991876,-0.0508
18.00188,-0.0303
18.011856,-0.0234
18.022544,-0.0287
18.032571,0.0015
18.042583,0.0696
18.052604,0.1514
18.062639,0.1882
18.072704,0.1843
18.082731,0.154
18.092775,0.0877
18.102819,0.0267
18.112804,-0.029
18.122791,-0.0616
18.132755,-0.0794
18.142719,-0.0842
18.152692,-0.0791
18.162708,-0.0727
18.172735,-0.0603
18.182735,-0.058
18.192743,-0.0722
18.202747,-0.0721
18.212751,-0.0612
18.222799,-0.0576
18.232812,-0.0152
18.242879,0.0168
18.252927,0.0539
18.262975,0.0576
18.273056,0.0795
18.283107,0.114
18.293151,0.1654
18.303867,0.2019
18.31388,0.1923
18.323947,0.148
18.333988,0.073
18.343963,-0.0221
18.353904,-0.1105
18.3638,-0.1799
18.373735,-0.246
18.383632,-0.2925
18.393552,-0.321
18.403467,-0.3377
18.413379,-0.3356
18.424016,-0.2992
18.433988,-0.2385
18.443996,-0.1508
18.454004,-0.0674
18.464036,0.0337
18.474767,0.0832
18.484807,0.1244
18.494848,0.1051
18.504888,0.0888
18.514911,0.0806
18.525655,0.0685
18.537252,-0.4759
18.547311,-0.4728
18.557395,-0.4638
18.567447,-0.4481
18.578195,-0.4389
18.590463,-0.2663
18.60206,0.138
18.612016,0.1235
18.621999,0.1262
18.632684,0.1175
18.642688,0.1196
18.652692,0.1183
18.662696,0.1159
18.672695,0.1036
18.683372,0.1044
18.694967,-0.0799
18.704975,-0.063
18.714992,-0.0393
18.725004,-0.0171
18.735755,0.0228
18.745815,0.0481
18.75588,0.0607
18.765911,0.0593
18.775951,0.0385
18.786699,0.0316
18.798295,-0.522
18.808315,-0.5365
18.818336,-0.5539
18.828359,-0.5787
18.838415,-0.6137
18.848443,-0.6507
18.859115,-0.6864
18.870672,-0.4826
18.880683,-0.4878
18.89138,-0.4801
18.901388,-0.4519
18.911432,-0.4246
18.921491,-0.3885
18.931543,-0.3728
18.942316,-0.3714
18.954008,0.1925
18.964067,0.1782
18.974075,0.165
18.984079,0.1609
18.994775,0.1646
19.006395,-0.0271
19.016395,-0.0364
19.026399,-0.061
19.036392,-0.064
19.047096,-0.048
19.057075,-0.0268
19.067087,-0.0059
19.077116,0.0067
19.087163,0.0526
19.097908,0.115
19.109491,-0.3622
19.119567,-0.2957
19.129627,-0.2755
19.140352,-0.286
19.151983,-0.2046
19.162012,-0.2857
19.172012,-0.3597
19.181972,-0.4402
19.191875,-0.518
19.202491,-0.5785
19.212408,-0.6469
19.22232,-0.6612
19.232244,-0.6716
19.242195,-0.6811
19.252876,-0.6698
19.262908,-0.6393
19.272924,-0.6348
19.282987,-0.6099
19.293031,-0.5669
19.303787,-0.5064
19.315444,0.2435
19.325496,0.2268
19.335548,0.2185
19.345607,0.2112
19.356355,0.2134
19.368068,0.041
19.378103,0.0502
19.388139,0.0523
19.398187,0.0492
19.408939,0.0376
19.421195,-0.4313
19.432819,-0.277
19.442804,-0.3058
19.452775,-0.3237
19.463495,-0.3529
19.473503,-0.3831
19.483503,-0.4012
19.493516,-0.4363
19.503547,-0.4596
19.51424,-0.4823
19.525852,0.1559
19.535844,0.1797
19.545848,0.1958
19.555856,0.2107
19.566556,0.2171
19.576623,0.2265
19.586679,0.2303
19.596723,0.2193
19.606784,0.2136
19.617519,0.1978
19.629236,0.0064
19.639232,-0.0058
19.64928,0.003
19.659303,0.0041
19.670064,0.0022
19.681604,-0.5635
19.691623,-0.5671
19.70232,-0.5739
19.713863,-0.3571
19.724571,-0.3529
19.734584,-0.3562
19.744596,-0.3525
19.754604,-0.3643
19.764591,-0.374
19.775283,-0.3823
19.786903,0.1494
19.79688,0.1588
19.806859,0.1593
19.81686,0.1714
19.826911,0.1839
19.836963,0.1792
19.846967,0.17
19.856948,0.1699
19.867004,0.1825
19.877099,0.2154
19.887159,0.2624
19.897207,0.2939
19.907268,0.3116
19.917303,0.2993
19.928031,0.2526
19.938087,0.1823
19.948127,0.093
19.958068,-0.0041
19.967956,-0.0831
19.978563,-0.1428
19.99002,-0.3967
19.999927,-0.3933
20.009843,-0.3743
20.019748,-0.3236
20.030368,-0.2612
20.040344,-0.184
20.050512,-0.1056
20.060487,-0.0441
20.070512,0.0183
20.081228,0.0844
20.092807,-0.7771
20.102851,-0.6681
20.112899,-0.5896
20.122964,-0.5454
20.133712,-0.5122
20.143783,-0.4755
20.153848,-0.4565
20.163923,-0.4283
20.173988,-0.4135
20.184743,-0.4051
20.196363,-0.2541
20.206432,-0.2871
20.216459,-0.3064
20.226472,-0.3346
20.237192,-0.3571
20.248788,0.0718
20.258743,0.0812
20.268764,0.091
20.278764,0.1172
20.288803,0.1508
20.298816,0.1882
20.308828,0.2084
20.31882,0.22
20.328868,0.2261
20.339099,0.2258
20.34914,0.2229
20.359188,0.2107
20.369228,0.2013
20.379268,0.198
20.389347,0.1899
20.399383,0.1804
20.409431,0.1711
20.419431,0.1568
20.429443,0.1499
20.439487,0.146
20.449504,0.1355
20.459508,0.1408
20.469495,0.1467
20.479499,0.1613
20.489543,0.1747
20.499559,0.1739
20.509567,0.1828
20.519628,0.1823
20.529691,0.1879
20.539787,0.1821
20.549852,0.176
20.559896,0.1778
20.569944,0.1766
20.580015,0.1723
20.59012,0.1585
20.600139,0.1527
20.610147,0.1445
20.6203,0.1453
20.630275,0.1446
20.640308,0.161
20.650348,0.201
20.660367,0.2403
20.670396,0.2864
20.680435,0.3052
20.690511,0.2921
20.700555,0.2465
20.710592,0.1644
20.720619,0.0741
20.730524,-0.0135
20.740463,-0.0699
20.750352,-0.1036
20.760251,-0.1315
20.770164,-0.1327
20.780067,-0.1203
20.790008,-0.1021
20.799907,-0.0526
20.809879,0.0196
20.819807,0.1073
20.829795,0.2055
20.840492,0.2655
20.850479,0.2973
20.860528,0.3333
20.870576,0.3305
20.880619,0.3056
20.891359,0.2794
20.90204,0.2626
20.913688,0.0801
20.923719,0.0745
20.933755,0.0667
20.944471,0.0624
20.954515,0.048
20.96454,0.0326
20.97458,0.0029
20.984567,-0.0279
20.995271,-0.0545
21.006847,-0.4815
21.016864,-0.5044
21.026872,-0.5335
21.036891,-0.5507
21.047592,-0.5815
21.059175,-0.4102
21.0692,-0.4242
21.0792,-0.4473
21.089183,-0.4553
21.099895,-0.457
21.109899,-0.459
21.119892,-0.45
21.129896,-0.4404
21.139911,-0.4403
21.150615,-0.4161
21.162256,0.2095
21.172315,0.2062
21.183004,0.1943
21.194635,-0.0127
21.205347,-0.0295
21.215339,-0.0373
21.225351,-0.0315
21.235376,-0.0267
21.245399,-0.0227
21.256088,-0.0028
21.267688,-0.5545
21.277744,-0.5486
21.287807,-0.5309
21.297868,-0.5341
21.308572,-0.5462
21.320144,-0.3682
21.330156,-0.3645
21.340175,-0.3697
21.350183,-0.359
21.360891,-0.3639
21.370912,-0.3801
21.380912,-0.3857
21.390928,-0.3634
21.400995,-0.3287
21.41176,-0.2623
21.423427,0.2741
21.433492,0.3017
21.443536,0.304
21.453571,0.2798
21.464944,0.2434
21.476627,0.0199
21.4881,-0.4665
21.498004,-0.5583
21.5079,-0.6629
21.518484,-0.7613
21.5284,-0.8354
21.538299,-0.8907
21.548219,-0.9409
21.558139,-1.0
21.568735,-1.0
21.578695,-1.0
21.588691,-1.0
21.59868,-1.0
21.608667,-1.0
21.619392,-1.0
21.62944,-1.0
21.639492,-0.9089
21.649543,-0.7887
21.659587,-0.6763
21.670339,-0.5794
21.681947,-0.252
21.692007,-0.2223
21.702068,-0.2081
21.712127,-0.1982
21.722888,-0.2009
21.734575,0.1582
21.74526,0.134
21.756839,-0.0329
21.766847,-0.0694
21.777503,-0.0982
21.78746,-0.1288
21.797424,-0.1427
21.807399,-0.1437
21.817396,-0.1206
21.828123,-0.0919
21.839704,-0.8334
21.849723,-0.8611
21.859739,-0.8744
21.869756,-0.8784
21.879816,-0.8266
21.889835,-0.7974
21.899848,-0.7606
21.909904,-0.7179
21.919967,-0.67
21.930059,-0.6252
21.940135,-0.5959
21.950199,-0.5762
21.960279,-0.5504
21.97034,-0.5293
21.980436,-0.5229
21.990503,-0.5113
22.000516,-0.5111
22.010524,-0.5222
22.021192,-0.542
22.032791,-0.3703
22.042804,-0.3874
22.052791,-0.4016
22.062788,-0.4103
22.072776,-0.4114
22.083459,-0.421
22.09346,-0.4241
22.103471,-0.422
22.113496,-0.4208
22.123512,-0.3763
22.134279,-0.2881
22.145959,0.2996
22.156011,0.3309
22.166055,0.3402
22.176103,0.3123
22.186191,0.2689
22.196243,0.2076
22.206275,0.114
22.21626,0.0366
22.22616,-0.0312
22.236099,-0.0759
22.246011,-0.1045
22.255931,-0.1265
22.265859,-0.1249
22.275783,-0.1086
22.286403,-0.0844
22.296323,-0.0429
22.306283,0.0231
22.316236,0.0899
22.326379,0.1845
22.337043,0.2475
22.347032,0.3274
22.357072,0.3808
22.367099,0.3939
22.377119,0.3643
22.387847,0.3081
22.399536,0.141
22.409584,0.1215
22.419624,0.1059
22.429668,0.0816
22.440408,0.0625
22.451988,-0.3305
22.462068,-0.3544
22.472103,-0.392
22.48208,-0.4299
22.492063,-0.4725
22.50204,-0.5211
22.512012,-0.5672
22.521999,-0.6385
22.531963,-0.7177
22.542695,-0.8146
22.552732,-0.97
22.56274,-1.0
22.57274,-0.9877
22.582759,-0.9535
22.593467,-0.9209
22.605224,-0.5024
22.615264,-0.4388
22.625303,-0.4121
22.635347,-0.3888
22.646112,-0.3757
22.657768,0.2032
22.667812,0.1973
22.677867,0.1867
22.687927,0.1816
22.698028,0.1761
22.708072,0.1569
22.718063,0.1406
22.728055,0.1324
22.738048,0.1293
22.748079,0.1243
22.758083,0.1258
22.768072,0.1202
22.778068,0.1413
22.788063,0.1897
22.798143,0.2463
22.808216,0.3084
22.818267,0.3553
22.828371,0.3673
22.838483,0.381
22.849283,0.3585
22.860988,0.1365
22.870979,-0.0173
22.880928,-0.1425
22.890832,-0.225
22.900751,-0.297
22.910659,-0.3427
22.920564,-0.3551
22.930479,-0.3451
22.940408,-0.3429
22.951015,-0.3528
22.960931,-0.3642
22.97084,-0.3411
22.980796,-0.2775
22.990932,-0.181
23.001619,-0.084
23.01164,0.0306
23.021659,0.1319
23.031688,0.1894
23.041719,0.181
23.052444,0.1587
23.062467,0.1266
23.072504,0.133
23.08254,0.1283
23.092575,0.1199
23.103307,0.1082
23.1149,-0.3434
23.124959,-0.3534
23.135044,-0.3719
23.145059,-0.3983
23.155755,-0.4242
23.167303,-0.3295
23.177284,-0.3622
23.187271,-0.4123
23.197263,-0.4633
23.207927,-0.4988
23.217903,-0.5465
23.227935,-0.5768
23.237968,-0.5843
23.247987,-0.5949
23.258695,-0.5828
23.270387,0.2604
23.280563,0.2503
23.290599,0.2471
23.300636,0.247
23.311368,0.246
23.323072,0.0741
23.333116,0.0599
23.343156,0.0509
23.353179,0.0223
23.363924,0.0106
23.375471,-0.5245
23.385503,-0.5388
23.395523,-0.5554
23.405544,-0.5876
23.416255,-0.6014
23.426267,-0.6251
23.4363,-0.6389
23.446308,-0.6489
23.456323,-0.6276
23.466428,-0.5915
23.476491,-0.4976
23.486555,-0.3561
23.496612,-0.225
23.506723,-0.1276
23.516851,-0.0856
23.528556,0.0514
23.538587,-0.0931
23.548631,-0.2401
23.55878,-0.3601
23.569356,-0.4661
23.579267,-0.5739
23.589179,-0.6558
23.599063,-0.6679
23.608972,-0.6587
23.618907,-0.6262
23.62882,-0.5879
23.638719,-0.5671
23.648639,-0.5342
23.658548,-0.4864
23.669216,-0.4661
23.679191,-0.471
23.689195,-0.4999
23.699268,-0.4993
23.709316,-0.481
23.720071,-0.4073
23.730104,-0.3295
23.740159,-0.2706
23.750211,-0.2361
23.760271,-0.2136
23.77102,-0.2058
23.782688,0.1889
23.792747,0.1622
23.802795,0.1368
23.812856,0.1221
23.823568,0.1062
23.835828,-0.0485
23.847324,-0.4862
23.857295,-0.5313
23.867259,-0.5887
23.877916,-0.6334
23.887899,-0.7059
23.897907,-0.7783
23.907907,-0.8526
23.917903,-0.925
23.928592,-0.9787
23.940168,-0.6279
23.950183,-0.6005
23.960235,-0.5619
23.970279,-0.4911
23.981027,-0.4175
23.991096,-0.3492
24.001152,-0.2944
24.011203,-0.2715
24.021251,-0.2744
24.032012,-0.2833
24.043684,0.1446
24.05368,0.1198
24.063676,0.1132
24.073675,0.1154
24.083715,0.1105
24.093715,0.1126
24.103712,0.1132
24.113712,0.1157
24.124343,0.1226
24.135955,-0.0472
24.145948,-0.0029
24.155975,0.0583
24.166007,0.1469
24.176044,0.2253
24.186784,0.2771
24.19688,0.2885
24.206964,0.2938
24.217056,0.26
24.227079,0.1425
24.23776,-0.0207
24.249271,-0.541
24.259187,-0.6838
24.269119,-0.8106
24.279024,-0.8391
24.289632,-0.8321
24.299564,-0.8156
24.309484,-0.7862
24.319412,-0.7652
24.329347,-0.7725
24.339952,-0.8087
24.34992,-0.8063
24.359912,-0.7798
24.369924,-0.7876
24.380004,-0.8498
24.390735,-0.8509
24.402992,-0.3978
24.414611,0.2917
24.424644,0.2693
24.43468,0.2619
24.445407,0.2401
24.455432,0.2156
24.465475,0.19
24.475511,0.1659
24.48558,0.1426
24.497264,-0.0126
24.507272,-0.0379
24.51724,-0.0694
24.527204,-0.0946
24.53716,-0.107
24.547836,-0.1296
24.557828,-0.1341
24.5678,-0.1264
24.577808,-0.129
24.58782,-0.1401
24.598524,-0.1447
24.610099,-1.0
24.620088,-1.0
24.630052,-1.0
24.640052,-1.0
24.650119,-0.9856
24.660188,-0.9215
24.670244,-0.8283
24.68094,-0.7284
24.690956,-0.639
24.701023,-0.5859
24.711072,-0.5466
24.721115,-0.5212
24.73118,-0.501
24.741224,-0.4853
24.751319,-0.477
24.761388,-0.4762
24.771415,-0.483
24.781423,-0.4827
24.791444,-0.4925
24.801492,-0.5177
24.8115,-0.5321
24.821512,-0.5568
24.831548,-0.5909
24.841543,-0.617
24.851575,-0.6394
24.861579,-0.6204
24.871631,-0.5395
24.881696,-0.3851
24.891767,-0.2102
24.901908,-0.0526
24.91204,0.0148
24.922107,-0.0269
24.932184,-0.1731
24.942228,-0.3184
24.952276,-0.4313
24.962196,-0.5205
24.972099,-0.6466
24.981992,-0.7698
24.991891,-0.8014
25.001823,-0.7891
25.011735,-0.7494
25.021663,-0.7006
25.031572,-0.6515
25.041496,-0.6303
25.051431,-0.6268
25.061344,-0.5981
25.071323,-0.5732
25.081272,-0.5721
25.091419,-0.6077
25.10148,-0.6504
25.111516,-0.6355
25.121591,-0.5648
25.131639,-0.479
25.141687,-0.4084
25.151775,-0.3626
25.161855,-0.3428
25.171924,-0.3508
25.181987,-0.3545
25.192068,-0.3642
25.202116,-0.3798
25.212131,-0.3911
25.222171,-0.4155
25.232156,-0.4529
25.242132,-0.5017
25.252147,-0.5615
25.262136,-0.6206
25.272108,-0.6826
25.282079,-0.7519
25.292112,-0.8094
25.30216,-0.8774
25.312171,-0.9341
25.322212,-0.9366
25.332292,-0.8978
25.342359,-0.8097
25.352455,-0.7437
25.362543,-0.6706
25.372751,-0.6218
25.382816,-0.5919
25.392864,-0.5612
25.402963,-0.5332
25.413028,-0.5147
25.423091,-0.5024
25.433139,-0.5004
25.443159,-0.5101
25.453212,-0.5218
25.463251,-0.5383
25.473287,-0.5579
25.483308,-0.5846
25.493324,-0.6138
25.503383,-0.6234
25.513408,-0.6366
25.523416,-0.6588
25.533451,-0.6662
25.543483,-0.6735
25.553535,-0.6737
25.563571,-0.6657
25.573652,-0.6316
25.583744,-0.6133
25.59382,-0.5915
25.603912,-0.5263
25.61396,-0.4219
25.624027,-0.2762
25.634092,-0.1327
25.644208,-0.0303
25.654455,-0.0217
25.664548,-0.1259
25.674623,-0.3001
25.684656,-0.4649
25.694608,-0.5835
25.704536,-0.6838
25.714424,-0.7858
25.724323,-0.8292
25.734228,-0.8447
25.744131,-0.8334
25.754764,-0.8086
25.764688,-0.764
25.774604,-0.7458
25.784524,-0.7611
25.794448,-0.7501
25.804479,-0.7235
25.814476,-0.7135
25.824491,-0.742
25.834548,-0.7219
25.844615,-0.6685
25.854703,-0.5747
25.864748,-0.4818
25.874811,-0.4112
25.88488,-0.363
25.894947,-0.3396
25.905044,-0.3317
25.915119,-0.3487
25.925203,-0.3603
25.935836,-0.3814
25.945852,-0.3971
25.955839,-0.4258
25.965824,-0.4516
25.975788,-0.489
25.985748,-0.5314
25.995719,-0.5739
26.005756,-0.6201
26.015756,-0.6591
26.025756,-0.6927
26.035764,-0.7278
26.045776,-0.7655
26.05582,-0.8298
26.065824,-0.8766
26.075832,-0.8714
26.085847,-0.8779
26.095844,-0.8691
26.105936,-0.8319
26.116016,-0.811
26.126083,-0.7874
26.136144,-0.7442
26.146223,-0.7154
26.156316,-0.6833
26.166343,-0.6551
26.176435,-0.6293
26.186508,-0.6096
26.196559,-0.6054
26.207332,-0.596
26.219547,-0.3729
26.229539,-0.3737
26.239532,-0.3755
26.249536,-0.3679
26.260215,-0.3631
26.271835,0.1652
26.281835,0.1693
26.291912,0.1729
26.301956,0.1718
26.312696,0.1775
26.324407,0.0317
26.334451,0.0316
26.344484,0.0303
26.354511,0.0385
26.365268,0.0762
26.375303,0.1352
26.385347,0.2017
26.395395,0.2302
26.405492,0.2311
26.417783,-0.2267
26.427848,-0.3314
26.437847,-0.4478
26.447755,-0.5634
26.457664,-0.7107
26.468267,-0.8607
26.479724,-0.7148
26.489624,-0.714
26.499551,-0.6877
26.509475,-0.6413
26.520084,-0.5918
26.530008,-0.55
26.539911,-0.5189
26.549903,-0.492
26.560052,-0.4879
26.570728,-0.4642
26.58078,-0.4631
26.590824,-0.4172
26.600883,-0.3693
26.610923,-0.3205
26.621675,-0.2814
26.633352,0.2236
26.643396,0.2131
26.653451,0.1952
26.66352,0.1778
26.674259,0.1568
26.685987,0.0108
26.695983,-0.0171
26.705999,-0.0386
26.716007,-0.0549
26.726652,-0.0711
26.736604,-0.085
26.746559,-0.0818
26.756572,-0.0858
26.766588,-0.0813
26.777284,-0.0743
26.788839,-0.6864
26.798856,-0.7164
26.808887,-0.7311
26.818912,-0.7566
26.82962,-0.7816
26.841327,-0.5271
26.851343,-0.4983
26.861343,-0.4658
26.871404,-0.4417
26.882179,-0.3988
26.892232,-0.3556
26.902299,-0.3486
26.912351,-0.3323
26.922431,-0.3361
26.933183,-0.33
26.944868,0.1578
26.954944,0.1551
26.965028,0.1537
26.975023,0.156
26.985776,0.1475
26.997392,-0.0232
27.007387,-0.0389
27.017391,-0.0522
27.027395,-0.0552
27.038091,-0.0525
27.049644,-0.6038
27.059663,-0.6096
27.069667,-0.6221
27.079671,-0.6437
27.090391,-0.6396
27.100408,-0.6208
27.110599,-0.5722
27.120651,-0.476
27.130691,-0.3491
27.141439,-0.262
27.153043,-0.0293
27.163087,-0.0802
27.173116,-0.176
27.183172,-0.2688
27.193843,-0.3557
27.205331,-0.0909
27.215223,-0.1343
27.225135,-0.1561
27.235071,-0.1593
27.245023,-0.1558
27.25494,-0.1148
27.26486,-0.0645
27.274824,0.0472
27.284772,0.1923
27.294807,0.3026
27.304807,0.3887
27.314855,0.4213
27.324892,0.4026
27.334924,0.3433
27.345008,0.2961
27.35506,0.2607
27.365104,0.2483
27.375156,0.2366
27.385208,0.2159
27.395923,0.203
27.40596,0.178
27.415983,0.1594
27.426044,0.1388
27.43608,0.1226
27.446104,0.1027
27.456087,0.094
27.466075,0.0766
27.47602,0.0722
27.485956,0.0668
27.496608,0.0682
27.506547,0.0684
27.5165,0.0877
27.5265,0.1256
27.536491,0.1537
27.546527,0.1949
27.556552,0.2146
27.56656,0.228
27.576543,0.2244
27.586563,0.2214
27.596607,0.2323
27.606672,0.2281
27.61672,0.2262
27.626764,0.2172
27.636819,0.1964
27.646907,0.1888
27.656959,0.1896
27.66702,0.1925
27.677711,0.1906
27.687747,0.1751
27.698495,0.1633
27.710096,-0.0132
27.720079,-0.0268
27.731647,-0.0825
27.743288,-0.1306
27.755599,-0.159
27.765619,-0.1731
27.775663,-0.1824
27.785724,-0.1884
27.795867,-0.1924
27.808311,-0.1955
27.818428,-0.1971
27.830204,-0.1983
27.840383,-0.1989
27.850507,-0.1993
27.861316,-0.1995
27.87306,-0.1997
27.883176,-0.1998
27.893108,-0.1242
27.903036,-0.1439
27.913667,-0.1705
27.923612,-0.197
27.933547,-0.2292
27.943492,-0.2888
27.953432,-0.4513
27.964056,-0.5758
27.975543,-0.5404
27.985464,-0.5493
27.995391,-0.5764
28.0053,-0.6079
28.015911,-0.5714
28.02592,-0.5218
28.035928,-0.5026
28.045976,-0.4884
28.056016,-0.4473
28.06674,-0.4166
28.077428,-0.3718
28.089059,0.2318
28.099063,0.218
28.109067,0.2102
28.119123,0.209
28.129163,0.1989
28.139215,0.182
28.149267,0.1684
28.159311,0.14
28.169408,0.1169
28.17942,0.1009
28.189407,0.0933
28.199399,0.0894
28.209379,0.0822
28.219404,0.0737
28.229364,0.0681
28.239336,0.0778
28.2493,0.095
28.259283,0.1243
28.269319,0.1572
28.279344,0.2002
28.289344,0.2393
28.299388,0.2467
28.30944,0.2566
28.319524,0.2455
28.329587,0.2263
28.339664,0.2079
28.349708,0.1875
28.360412,0.1716
28.370435,0.1566
28.380428,0.1488
28.390428,0.1409
28.400411,0.1407
28.4104,0.1463
28.420423,0.159
28.430408,0.1549
28.440395,0.1519
28.450384,0.1528
28.460376,0.17
28.470396,0.174
28.480396,0.1909
28.490451,0.1925
28.500492,0.1969
28.510543,0.1858
28.520624,0.1805
28.53066,0.1698
28.540691,0.1649
28.550748,0.1725
28.560796,0.2072
28.570871,0.2518
28.580923,0.285
28.590963,0.2918
28.601011,0.2634
28.611047,0.2096
28.621112,0.1306
28.631107,0.0446
28.641,-0.0289
28.650888,-0.0784
28.660783,-0.1101
28.670728,-0.1349
28.680648,-0.1428
28.690563,-0.1308
28.700468,-0.0925
28.710367,-0.0174
28.720344,0.0988
28.730472,0.2046
28.74044,0.2816
28.750452,0.351
28.760471,0.3793
28.770528,0.3575
28.780563,0.322
28.790596,0.2773
28.800643,0.2472
28.810676,0.2239
28.820756,0.2015
28.830804,0.1894
28.840848,0.1788
28.850896,0.1646
28.860952,0.1382
28.87104,0.1147
28.881044,0.0915
28.891035,0.0731
28.900995,0.0585
28.910932,0.0514
28.920927,0.0558
28.930879,0.0711
28.940828,0.0942
28.950832,0.1292
28.960844,0.1756
28.970884,0.1978
28.980892,0.216
28.99094,0.2288
29.000972,0.2237
29.011148,0.2269
29.021223,0.2278
29.031255,0.2097
29.041284,0.1928
29.051328,0.1802
29.061368,0.1533
29.071403,0.1424
29.081396,0.1373
29.091392,0.1366
29.101383,0.146
29.111371,0.1559
29.121419,0.1609
29.131427,0.1652
29.141435,0.1709
29.151447,0.175
29.161451,0.1829
29.171556,0.1973
29.181631,0.2018
29.191675,0.2
29.2017,0.1986
29.21174,0.2011
29.221832,0.2204
29.231891,0.2422
29.24196,0.2784
29.252004,0.3008
29.262044,0.2861
29.27214,0.2399
29.282188,0.1789
29.29236,0.0887
29.302276,-0.0005
29.312152,-0.0773
29.322084,-0.1408
29.331979,-0.1902
29.341875,-0.2162
29.351787,-0.2227
29.360147,-0.7095
29.370759,-0.6697
29.380672,-0.6299
29.390584,-0.6087
29.400495,-0.6014
29.410455,-0.5515
29.421159,-0.5164
29.43124,-0.4699
29.441291,-0.4073
29.451351,-0.3555
29.461423,-0.3131
29.472208,-0.3015
29.482255,-0.2846
29.492324,-0.2736
29.502391,-0.2641
29.51246,-0.2517
29.524827,0.1668
29.534883,0.1617
29.544948,0.1487
29.555011,0.1344
29.565692,0.1168
29.577972,-0.0455
29.589532,-0.4925
29.599527,-0.5161
29.609544,-0.5486
29.619543,-0.588
29.630239,-0.6197
29.640243,-0.6533
29.650268,-0.6805
29.660276,-0.7022
29.67028,-0.7266
29.680988,-0.7349
29.692556,-0.482
29.702564,-0.4724
29.712575,-0.4639
29.722604,-0.4439
29.733327,-0.4509
29.743339,-0.4544
29.753356,-0.4408
29.763359,-0.4309
29.773368,-0.4239
29.784091,-0.4113
29.795764,0.1852
29.805788,0.1821
29.815788,0.1867
29.825855,0.1868
29.835948,0.1816
29.846651,0.1767
29.858327,0.0211
29.868364,0.0264
29.878404,0.0357
29.889116,0.0546
29.90072,-0.4037
29.91076,-0.3036
29.920824,-0.2172
29.930883,-0.1599
29.941671,-0.1639
29.953292,-0.0886
29.963327,-0.199
29.973379,-0.3085
29.983348,-0.4264
29.993955,-0.5418
30.003875,-0.6404
30.013763,-0.6728
30.023664,-0.6767
30.033575,-0.6533
30.043531,-0.6193
30.053459,-0.5708
30.063375,-0.5465
30.073291,-0.5054
30.083292,-0.4512
30.094003,-0.4214
30.104055,-0.3884
30.11412,-0.367
30.124828,-0.3451
30.134883,-0.3242
30.147251,0.1956
30.157291,0.1786
30.167335,0.1815
30.177396,0.1847
30.187444,0.1796
30.198196,0.176
30.209896,0.0247
30.21994,0.0017
30.22994,-0.0099
30.23994,-0.0343
30.250648,-0.051
30.262199,-0.515
30.272172,-0.5481
30.282155,-0.5964
30.292131,-0.6634
30.302824,-0.7469
30.31282,-0.8566
30.322792,-0.9288
30.332767,-0.9693
30.342796,-0.9498
30.353483,-0.96
30.365039,-0.7011
30.375036,-0.6978
30.385023,-0.6471
30.395032,-0.5895
30.406423,-0.5107
30.418052,0.308
30.428052,0.3073
30.438079,0.2942
30.448087,0.2479
30.458139,0.2168
30.468187,0.1892
30.478219,0.1741
30.488275,0.1566
30.498315,0.1516
30.508407,0.1365
30.518455,0.1217
30.528448,0.1112
30.538459,0.1081
30.548448,0.1138
30.558483,0.1267
30.568504,0.1393
30.578496,0.1643
30.588548,0.1884
30.598588,0.2325
30.608676,0.2855
30.618728,0.3228
30.62882,0.3398
30.638908,0.3357
30.648944,0.2705
30.659015,0.177
30.669044,0.0467
30.67892,-0.0674
30.688819,-0.1542
30.698732,-0.2152
30.708671,-0.2397
30.718576,-0.2336
30.728507,-0.2117
30.73842,-0.1837
30.748352,-0.151
30.758968,-0.1019
30.768884,-0.0269
30.778835,0.0489
30.788764,0.113
30.798908,0.1895
30.808916,0.2763
30.818948,0.3049
30.828979,0.2989
30.839015,0.2735
30.84906,0.2499
30.859119,0.2375
30.86918,0.2324
30.879224,0.2209
30.889268,0.2115
30.899328,0.1912
30.909412,0.1664
30.919492,0.1408
30.929548,0.119
30.939552,0.0927
30.949563,0.0673
30.959552,0.0524
30.969516,0.0571
30.979459,0.0745
30.989412,0.1032
30.99942,0.125
31.009468,0.151
31.019468,0.1703
31.029468,0.187
31.039476,0.1956
31.049476,0.181
31.060176,0.1852
31.070192,0.1768
31.080324,0.162
31.090307,0.1577
31.100296,0.1529
31.111,0.1506
31.120975,0.1581
31.130975,0.1739
31.140983,0.186
31.150983,0.1929
31.161676,0.1935
31.173336,-0.0085
31.183383,0.0081
31.193435,0.0122
31.203479,0.0224
31.214223,0.0354
31.225839,-0.5275
31.235908,-0.4945
31.245971,-0.4794
31.256036,-0.4791
31.266799,-0.4835
31.278408,-0.3292
31.28844,-0.3373
31.298463,-0.3468
31.308496,-0.3487
31.319223,-0.3337
31.32932,-0.2822
31.339384,-0.1822
31.349456,-0.049
31.359683,0.0636
31.372047,0.3963
31.38212,0.3658
31.392156,0.2604
31.402179,0.0917
31.412103,-0.0754
31.422683,-0.1886
31.434135,-0.3889
31.444047,-0.4131
31.453952,-0.3936
31.463876,-0.3555
31.474487,-0.3028
31.484411,-0.2509
31.494331,-0.1924
31.504304,-0.1228
31.514259,-0.0676
31.524963,-0.0136
31.535011,0.0283
31.545064,0.0557
31.555099,0.0256
31.565151,0.0087
31.575811,-0.0163
31.587392,-0.5739
31.597459,-0.5335
31.607519,-0.5053
31.61758,-0.4628
31.627672,-0.4303
31.63838,-0.4152
31.649988,-0.2476
31.66002,-0.2615
31.670068,-0.2876
31.680784,-0.3154
31.692396,0.0832
31.702392,0.0878
31.712379,0.0973
31.722379,0.1169
31.732427,0.1206
31.742431,0.127
31.752435,0.1336
31.762456,0.1416
31.77246,0.1482
31.783155,0.1514
31.793163,0.1461
31.803167,0.1641
31.813163,0.176
31.823171,0.1837
31.833215,0.1919
31.843275,0.1782
31.8533,0.1792
31.863304,0.1735
31.873311,0.1659
31.883359,0.1585
31.893379,0.1546
31.903392,0.1626
31.913396,0.1954
31.924087,0.2221
31.934156,0.2311
31.944196,0.2344
31.954244,0.2151
31.965932,0.0508
31.975963,0.0155
31.986,-0.0215
31.995988,-0.0484
32.005992,-0.0702
32.015941,-0.0973
32.025905,-0.1111
32.03656,-0.104
32.046543,-0.0931
32.056549,-0.0551
32.066551,-0.012
32.076614,0.0262
32.086677,0.048
32.096717,0.0602
32.10675,0.0546
32.116783,0.0784
32.126827,0.1491
32.136917,0.244
32.147033,0.3165
32.157115,0.3703
32.167255,0.3826
32.177391,0.3468
32.1875,0.2576
32.198177,0.0561
32.209602,-0.7673
32.219486,-0.8535
32.229362,-0.6433
32.239311,-0.5641
32.249244,-0.5963
32.259162,-0.7097
32.269069,-0.851
32.278961,-0.8867
32.289577,-0.8288
32.299488,-0.7797
32.30941,-0.7409
32.319366,-0.694
32.329372,-0.6784
32.340137,-0.7112
32.350196,-0.7576
32.36026,-0.7239
32.370319,-0.6533
32.380382,-0.5531
32.391128,-0.4787
32.402759,-0.2434
32.412815,-0.2238
32.422878,-0.2431
32.432952,-0.2567
32.443721,-0.2803
32.455364,0.0956
32.465377,0.086
32.475376,0.0737
32.48534,0.0736
32.496017,0.0747
32.505973,0.0833
32.516124,0.1127
32.5261,0.1384
32.536094,0.1601
32.546791,0.1742
32.55841,-0.0338
32.56842,-0.0304
32.578418,-0.0149
32.588466,0.0307
32.599182,0.0625
32.609222,0.0602
32.619258,0.0369
32.629314,0.0147
32.640876,-0.5882
32.651584,-0.5738
32.661617,-0.5704
32.671623,-0.5571
32.681713,-0.5459
32.691791,-0.5512
32.702556,-0.5626
32.714126,-0.3808
32.724143,-0.385
32.734153,-0.3858
32.744186,-0.3893
32.75492,-0.3873
32.766551,0.1649
32.776576,0.1761
32.786643,0.1846
32.796844,0.1947
32.806922,0.1855
32.816959,0.1714
32.827007,0.1626
32.837051,0.1501
32.847053,0.1392
32.857101,0.1304
32.867095,0.1345
32.877094,0.1394
32.887104,0.1508
32.897102,0.1429
32.90715,0.1392
32.91716,0.1385
32.92715,0.143
32.93716,0.175
32.947216,0.2164
32.957321,0.282
32.967384,0.3446
32.977489,0.3813
32.987583,0.4068
32.997673,0.4036
33.007808,0.358
33.017807,0.2428
33.027843,0.0811
33.037784,-0.06
33.047672,-0.1445
33.057609,-0.2057
33.067504,-0.2548
33.077411,-0.2667
33.087322,-0.2558
33.097248,-0.2106
33.107868,-0.1364
33.117797,-0.0406
33.12775,0.0566
33.137699,0.1206
33.14783,0.1745
33.158519,0.2216
33.168575,0.2384
33.17863,0.2323
33.188674,0.2111
33.198711,0.1943
33.209468,0.1849
33.221157,0.0388
33.231208,0.0709
33.241237,0.0976
33.251258,0.1121
33.262023,0.1118
33.273624,-0.3643
33.283702,-0.3679
33.293769,-0.3927
33.303779,-0.4237
33.31377,-0.4543
33.32376,-0.4912
33.33374,-0.5327
33.343719,-0.5815
33.353698,-0.6467
33.363727,-0.7224
33.373767,-0.7869
33.3838,-0.8145
33.393817,-0.8302
33.403884,-0.8021
33.413997,-0.7623
33.424205,-0.7111
33.434261,-0.6621
33.444332,-0.6321
33.454406,-0.5998
33.464496,-0.5863
33.474555,-0.5663
33.484584,-0.5561
33.494659,-0.5418
33.50473,-0.5342
33.51482,-0.5434
33.524833,-0.5559
33.534839,-0.5555
33.544853,-0.5592
33.554874,-0.5628
33.56491,-0.5435
33.574981,-0.5313
33.585063,-0.5281
33.595138,-0.5328
33.605178,-0.5532
33.615253,-0.5704
33.625312,-0.5923
33.635349,-0.6143
33.645359,-0.6311
33.655387,-0.6564
33.665451,-0.6777
33.675487,-0.6877
33.685501,-0.6866
33.695575,-0.6593
33.705787,-0.6268
33.715858,-0.5897
33.725925,-0.5934
33.735977,-0.5868
33.74599,-0.5915
33.756004,-0.5894
33.766044,-0.5733
33.776119,-0.5222
33.786205,-0.4079
33.79626,-0.2643
33.806301,-0.1663
33.81644,-0.1285
33.828098,-0.0328
33.838142,-0.1519
33.848201,-0.262
33.85815,-0.349
33.868743,-0.4417
33.878669,-0.5439
33.888595,-0.6297
33.898506,-0.6863
33.908428,-0.7312
33.919036,-0.8279
33.928966,-0.8382
33.938899,-0.7743
33.948921,-0.6268
33.958992,-0.3957
33.969764,-0.2438
33.981437,0.3799
33.992118,0.2953
34.003776,-0.0014
34.013736,-0.0397
34.024433,-0.0562
34.034435,-0.061
34.044433,-0.039
34.054443,-0.0385
34.064449,-0.0417
34.07516,-0.0345
34.086723,-0.52
34.096744,-0.5178
34.106754,-0.5177
34.116798,-0.5175
34.127517,-0.5229
34.137538,-0.5302
34.147552,-0.5387
34.157581,-0.5791
34.167591,-0.6114
34.178314,-0.6572
34.189903,-0.4372
34.19992,-0.4752
34.209941,-0.5029
34.219936,-0.5063
34.230667,-0.4948
34.24229,0.1867
34.252311,0.2109
34.26234,0.229
34.272983,0.2214
34.283672,0.2371
34.295307,0.0027
34.305309,-0.002
34.31528,-0.0222
34.325286,-0.0456
34.335998,-0.0452
34.347557,-0.6724
34.357574,-0.6646
34.36758,-0.6405
34.377574,-0.6389
34.387615,-0.6265
34.397647,-0.6273
34.407661,-0.6292
34.417659,-0.6248
34.42768,-0.6033
34.437721,-0.5818
34.447753,-0.5781
34.457809,-0.5702
34.467819,-0.5825
34.477855,-0.5889
34.487915,-0.6045
34.497955,-0.6002
34.507987,-0.5998
34.518005,-0.6088
34.528022,-0.6149
34.538093,-0.5976
34.548824,-0.55
34.558879,-0.4606
34.568912,-0.3548
34.578975,-0.2834
34.589065,-0.5541
34.599117,-0.5825
34.60918,-0.5121
34.619224,-0.4837
34.62928,-0.4974
34.639362,-0.522
34.649349,-0.5825
34.659309,-0.6483
34.669235,-0.7129
34.679164,-0.7551
34.689132,-0.8148
34.699096,-0.8809
34.709159,-0.9537
34.719223,-0.5241
34.729312,-0.3872
34.739414,-0.4832
34.749496,-0.5886
34.759525,-0.6393
34.769508,-0.6753
34.779483,-0.6451
34.789493,-0.6061
34.799499,-0.5781
34.809516,-0.5582
34.81953,-0.5526
34.83023,-0.5295
34.840316,-0.5246
34.851947,-0.2465
34.861991,-0.2442
34.872043,-0.2604
34.882038,-0.2794
34.892749,-0.2934
34.902763,-0.3072
34.912773,-0.3249
34.922817,-0.3444
34.932834,-0.38
34.943531,-0.4045
34.955154,0.1414
34.965167,0.159
34.97517,0.1879
34.985179,0.2108
34.995883,0.2312
35.005901,0.2373
35.015922,0.2336
35.025932,0.2179
35.035949,0.2097
35.046665,0.1923
35.058277,-0.0607
35.068283,-0.0779
35.078281,-0.0724
35.088275,-0.0538
35.098964,-0.0367
35.111167,-0.6834
35.121189,-0.6664
35.131237,-0.6465
35.14125,-0.6612
35.151306,-0.6735
35.161312,-0.687
35.17131,-0.6966
35.181339,-0.697
35.191356,-0.7104
35.201419,-0.7163
35.211444,-0.7398
35.221485,-0.7566
35.23151,-0.7271
35.241596,-0.6749
35.251712,-0.6018
35.261798,-0.5491
35.271873,-0.5165
35.281951,-0.5094
35.291999,-0.4929
35.302101,-0.4756
35.313732,-0.239
35.323806,-0.1975
35.333866,-0.1518
35.343952,-0.1311
35.354728,-0.1358
35.364772,-0.6003
35.374706,-0.6712
35.384647,-0.6479
35.394622,-0.6163
35.406051,-0.5645
35.417682,0.1972
35.42937,0.1078
35.439411,0.0537
35.449451,0.0314
35.460144,0.0171
35.470142,0.0237
35.480182,0.0496
35.490215,0.0861
35.500259,0.121
35.510982,0.1374
35.522586,-0.5298
35.532638,-0.5215
35.542709,-0.5141
35.552772,-0.5103
35.563537,-0.5129
35.575164,-0.0693
35.585205,-0.4407
35.595165,-0.518
35.605144,-0.515
35.615867,-0.5019
35.627529,0.1432
35.637588,0.1603
35.647628,0.1611
35.657669,0.1421
35.667762,0.1209
35.677818,0.0872
35.688533,0.0619
35.69852,0.0442
35.708454,0.0435
35.718429,0.06
35.728412,0.0783
35.738414,0.1052
35.748458,0.1179
35.758502,0.1174
35.768589,0.1228
35.778629,0.1219
35.788673,0.1152
35.798728,0.1156
35.808776,0.1289
35.818866,0.2999
35.828922,0.1057
35.838958,0.0452
35.848915,0.0357
35.858863,0.0478
35.868873,0.1046
35.878944,0.2869
35.888992,0.2671
35.899059,0.195
35.909099,0.1061
35.919124,0.018
35.929069,0.001
35.939014,0.0066
35.948966,0.0438
35.958938,0.0963
35.969608,0.1441
35.979595,0.1741
35.989589,0.1825
35.999576,0.2069
36.009555,0.216
36.01958,0.214
36.029563,0.2182
36.039573,0.2327
36.049644,0.2714
36.059696,0.0387
36.069671,0.1749
36.079715,0.2845
36.089759,0.3366
36.099807,0.3225
36.109828,-0.4252
36.120544,-0.3478
36.132183,-0.2873
36.142242,-0.2573
36.152336,-0.2376
36.16241,-0.2246
36.173171,-0.2162
36.184864,-0.2095
36.194938,-0.2063
36.205024,-0.2041
36.215099,-0.2027
36.225849,-0.2018
36.237487,-0.201
36.247505,-0.2007
36.25753,-0.2004
36.267551,-0.2003
36.277622,-0.2002
36.287658,-0.2001
36.297687,-0.2001
36.307727,-0.2001
36.31776,-0.2
36.328483,-0.2
36.338504,-0.2
36.348579,-0.2
36.358661,-0.2
36.370353,-0.2
36.380466,-0.2
36.390552,-0.2
36.400634,-0.2
36.410701,-0.2
36.420776,-0.2
36.430896,-0.2
36.440971,-0.2
36.45087,-0.2119
36.460773,-0.2062
36.470664,-0.202
36.481273,-0.1981
36.491188,-0.1949
36.501121,-0.1916
36.511058,-0.1872
36.520984,-0.1816
36.531604,-0.1737
36.541538,-0.1588
36.551467,-0.1171
36.56145,0.0
36.571376,0.2485
36.581443,0.3751
36.591495,0.2406
36.601543,0.1128
36.61153,0.0156
36.621406,-0.0085
36.63137,0.022
36.641304,0.0563
36.651256,0.086
36.661228,0.1358
36.671222,0.1697
36.681922,0.2089
36.691917,0.2278
36.70193,0.2369
36.711925,0.2309
36.721916,0.2248
36.732662,0.2329
36.744243,-0.0731
36.754291,0.1271
36.764343,0.2705
36.774383,0.3377
36.785034,-0.3484
36.795055,-0.2974
36.805076,-0.2639
36.815097,-0.2419
36.825134,-0.2275
36.835876,-0.218
36.847534,-0.2107
36.857608,-0.207
36.867668,-0.2046
36.877738,-0.203
36.888504,-0.202
36.900177,-0.2012
36.91024,-0.2008
36.920253,-0.2005
36.930263,-0.2003
36.940967,-0.2002
36.952556,-0.2001
36.962558,-0.2001
36.972579,-0.2001
36.982593,-0.2
36.993301,-0.2
37.003322,-0.2
37.013332,-0.2
37.023361,-0.2
37.033397,-0.2
37.044143,-0.2
37.055812,-0.2
37.065872,-0.2
37.075939,-0.2
37.086029,-0.2
37.09679,-0.2
37.108467,-0.2
37.11856,-0.2
37.128643,-0.2
37.138736,-0.2
37.148708,-0.2546
37.158611,-0.2487
37.16854,-0.2441
37.178455,-0.2401
37.188373,-0.2379
37.199012,-0.237
37.208923,-0.2398
37.218852,-0.2441
37.228801,-0.2567
37.238727,-0.2887
37.248676,-0.3659
37.258594,-0.5591
37.268646,-0.7687
37.27869,-0.7228
37.288749,-0.6604
37.298828,-0.3087
37.308879,-0.2478
37.318923,-0.3539
37.328998,-0.4653
37.339004,-0.5339
37.348995,-0.5837
37.358974,-0.598
37.36893,-0.62
37.37894,-0.6723
37.38895,-0.7195
37.399665,-0.7659
37.409721,-0.7306
37.419765,-1.0
37.429721,-0.9816
37.439773,-0.7141
37.450542,-0.4724
37.462158,-0.2343
37.472187,-0.3537
37.482212,-0.3008
37.492244,-0.2662
37.50299,-0.2434
37.513027,-0.2285
37.52309,-0.2187
37.534751,-0.211
37.544807,-0.2072
37.555564,-0.2047
37.56565,-0.2031
37.575729,-0.202
37.5858,-0.2013
37.595874,-0.2009
37.608154,-0.2005
37.618175,-0.2003
37.628196,-0.2002
37.638214,-0.2001
37.648246,-0.2001
37.658954,-0.2001
37.670555,-0.2
37.68058,-0.2
37.690597,-0.2
37.700599,-0.2
37.711311,-0.2
37.722961,-0.2
37.733024,-0.2
37.743083,-0.2
37.753143,-0.2
37.763916,-0.2
37.773998,-0.2
37.784088,-0.2
37.795772,-0.2
37.805858,-0.2
37.815967,-0.2
37.826007,-0.2144
37.83591,-0.2077
37.845813,-0.2017
37.855731,-0.1968
37.865692,-0.1928
37.87561,-0.1893
37.885547,-0.1842
37.895484,-0.1752
37.905418,-0.1613
37.915382,-0.1255
37.925312,-0.024
37.935256,0.1987
37.945293,0.2071
37.955341,0.3736
37.966098,0.3158
37.976139,0.2066
37.986183,0.1015
37.996177,0.023
38.006122,0.0178
38.01609,0.0365
38.026031,0.0673
38.035976,0.1125
38.045974,0.1712
38.055973,0.2176
38.06599,0.2451
38.075988,0.2504
38.085994,0.2471
38.096065,0.2351
38.106109,0.2403
38.116176,0.2653
38.126239,0.0727
38.136245,0.1836
38.146293,0.2928
38.156314,-0.4128
38.16703,-0.3396
38.177055,-0.2916
38.187095,-0.2601
38.197154,-0.2394
38.20721,-0.2259
38.217964,-0.217
38.228031,-0.2111
38.238109,-0.2073
38.248168,-0.2048
38.258235,-0.2031
38.268989,-0.2021
38.280651,-0.2012
38.290721,-0.2008
38.300777,-0.2005
38.310832,-0.2003
38.321594,-0.2002
38.333236,-0.2001
38.343265,-0.2001
38.353286,-0.2001
38.363319,-0.2
38.374031,-0.2
38.385643,-0.2
38.395687,-0.2
38.405712,-0.2
38.415737,-0.2
38.426452,-0.2
38.436489,-0.2
38.446552,-0.2
38.456604,-0.2
38.466659,-0.2
38.477409,-0.2
38.489051,-0.2
38.499118,-0.2
38.509185,-0.2
38.519248,-0.2
38.529979,-0.2
38.541614,-0.2
38.551689,-0.2
38.561729,-0.2
38.571784,-0.2
38.582519,-0.2
38.594169,-0.2
38.604232,-0.2
38.614295,-0.2
38.624359,-0.2
38.635124,-0.2
38.64682,-0.2
38.656837,-0.2
38.666866,-0.2
38.676898,-0.2
38.686973,-0.2
38.69699,-0.2
38.706981,-0.2
38.716983,-0.2
38.726993,-0.2
38.737697,-0.2
38.747711,-0.2
38.757728,-0.2
38.767734,-0.2
38.77774,-0.2
38.788444,-0.2
38.800048,-0.2
38.810077,-0.2
38.820095,-0.2
38.830112,-0.2
38.840835,-0.2
38.852447,-0.2
38.862503,-0.2
38.872543,-0.2
38.882549,-0.2
38.893245,-0.2
38.903266,-0.2
38.913314,-0.2
38.923374,-0.2
38.933441,-0.2
38.944202,-0.2
38.955871,-0.2
38.965957,-0.2
38.976024,-0.2
38.986099,-0.2
38.996837,-0.2
39.008518,-0.2
39.018573,-0.2
39.028644,-0.2
39.038703,-0.2
39.049488,-0.2
39.061183,-0.2
39.071285,-0.2
39.081382,-0.2
39.09148,-0.2
39.102249,-0.2
39.113956,-0.2
39.12405,-0.2
39.134136,-0.2
39.144222,-0.2
39.155017,-0.2
39.166481,-0.2094
39.176414,-0.2127
39.186477,-0.1934
39.19654,-0.1778
39.207279,-0.2041
39.218868,-0.3066
39.22882,-0.4574
39.238727,-0.5835
39.248638,-0.6428
39.259342,-0.3598
39.26942,-0.3048
39.279502,-0.2688
39.289588,-0.2451
39.299682,-0.2296
39.310447,-0.2194
39.322086,-0.2115
39.332145,-0.2075
39.342197,-0.2049
39.352241,-0.2032
39.362987,-0.2021
39.374637,-0.2013
39.384696,-0.2008
39.394752,-0.2005
39.404804,-0.2004
39.415531,-0.2002
39.427185,-0.2001
39.437236,-0.2001
39.447315,-0.2001
39.457382,-0.2
39.468143,-0.2
39.479812,-0.2
39.489841,-0.2
39.499885,-0.2
39.509918,-0.2
39.519973,-0.2
39.529994,-0.2
39.540016,-0.2
39.550018,-0.2
39.560024,-0.2
39.570064,-0.2
39.580089,-0.2
39.590114,-0.2
39.600147,-0.2
39.610157,-0.2
39.620258,-0.2
39.63034,-0.2
39.640422,-0.2
39.650508,-0.2
39.660579,-0.2
39.670696,-0.2
39.680786,-0.2
39.690883,-0.2
39.700984,-0.2
39.711063,-0.2
39.721195,-0.2
39.731086,-0.251
39.741008,-0.2475
39.750915,-0.2419
39.760814,-0.2358
39.770774,-0.23
39.7807,-0.2273
39.790611,-0.2273
39.800544,-0.227
39.810474,-0.2275
39.820465,-0.2298
39.83039,-0.2313
39.840328,-0.2366
39.850269,-0.251
39.860191,-0.2853
39.870819,-0.3817
39.880836,-0.4934
39.890876,-0.4481
39.900943,-0.4049
39.910987,-0.3602
39.921737,-0.3355
39.931819,-0.3057
39.941883,-0.2949
39.951946,-0.2969
39.962017,-0.3078
39.972774,-0.3193
39.984424,0.1322
39.99443,0.1246
40.004436,0.1268
40.014419,0.1234
40.025119,0.1214
40.036727,-0.0442
40.046733,-0.0608
40.05672,-0.0708
40.066726,-0.0903
40.07743,-0.0722
40.087432,-0.0575
40.097423,-0.0215
40.107425,-0.0038
40.117458,0.0133
40.128223,0.0095
40.13982,-0.698
40.149875,-0.6764
40.160579,-0.6384
40.170619,-0.6005
40.180675,-0.5859
40.192279,-0.3826
40.202342,-0.3849
40.212352,-0.3824
40.222366,-0.3648
40.233139,-0.3609
40.243213,-0.3579
40.253273,-0.3489
40.263347,-0.3556
40.273403,-0.3495
40.284168,-0.3506
40.295864,0.1455
40.305892,0.1394
40.315902,0.1416
40.325923,0.1406
40.335968,0.1408
40.34597,0.1412
40.355972,0.1423
40.365978,0.1517
40.375988,0.1718
40.386081,0.1751
40.396152,0.1759
40.406227,0.1724
40.41629,0.1689
40.426364,0.1713
40.436481,0.2027
40.447185,0.2415
40.458877,0.2038
40.468902,0.2493
40.478942,0.243
40.489681,0.1923
40.501274,-0.3162
40.51128,-0.3995
40.521236,-0.4896
40.53115,-0.5968
40.541091,-0.7012
40.551006,-0.7681
40.560916,-0.8106
40.570827,-0.8675
40.580749,-0.9082
40.593059,-0.2088
40.604709,-0.2052
40.614727,-0.2034
40.624763,-0.2022
40.634811,-0.2015
40.645561,-0.201
40.657283,-0.2006
40.667427,-0.2004
40.677536,-0.2002
40.687648,-0.2002
40.699489,-0.2001
40.709606,-0.2001
40.71973,-0.2
40.729843,-0.2
40.739955,-0.2
40.750625,-0.069
40.762115,-0.1703
40.772056,-0.1911
40.781982,-0.2093
40.791908,-0.2281
40.801872,-0.2594
40.81179,-0.3539
40.821807,-0.3858
40.831821,-0.408
40.841815,-0.425
40.851863,-0.4441
40.861888,-0.4663
40.871898,-0.4936
40.881919,-0.5117
40.891929,-0.5304
40.901973,-0.5277
40.912036,-0.5246
40.922088,-0.5192
40.93214,-0.5085
40.942813,-0.5146
40.952896,-0.5248
40.962928,-0.5266
40.972927,-0.5355
40.982952,-0.5365
40.992965,-0.5494
41.003002,-0.5394
41.013061,-0.5337
41.023113,-0.5275
41.03318,-0.5198
41.043228,-0.5101
41.05334,-0.5175
41.063411,-0.5324
41.073448,-0.5436
41.083469,-0.5509
41.093482,-0.5743
41.10353,-0.592
41.113536,-0.6225
41.123577,-0.6403
41.133594,-0.6487
41.143669,-0.6407
41.153762,-0.635
41.163822,-0.6257
41.173896,-0.5922
41.183956,-0.4857
41.194034,-0.3061
41.204132,-0.1141
41.214305,0.0425
41.225025,-0.1973
41.23661,-0.2623
41.24662,-0.3721
41.257328,-0.3129
41.267379,-0.2741
41.279048,-0.2437
41.2891,-0.2287
41.299167,-0.2188
41.309928,-0.2124
41.320022,-0.2081
41.330104,-0.2053
41.340183,-0.2035
41.351825,-0.2021
41.361911,-0.2014
41.371974,-0.2009
41.381992,-0.2006
41.392021,-0.2004
41.402042,-0.2003
41.412769,-0.2002
41.422809,-0.2001
41.432849,-0.2001
41.44289,-0.2
41.452919,-0.2
41.463687,-0.2
41.475387,-0.2
41.485481,-0.2
41.495574,-0.2
41.505672,-0.2
41.515792,-0.2
41.52589,-0.2
41.535999,-0.2
41.547706,-0.2
41.557811,-0.2
41.568435,-0.2366
41.578369,-0.2347
41.588287,-0.2332
41.598217,-0.2318
41.608146,-0.231
41.618766,-0.2295
41.630268,-0.195
41.640197,-0.1915
41.650112,-0.1867
41.660068,-0.1797
41.670024,-0.171
41.679943,-0.1587
41.689884,-0.1324
41.699813,-0.069
41.709762,0.068
41.719718,0.2365
41.729766,0.172
41.739807,0.1294
41.749805,0.0954
41.75978,0.0776
41.769737,0.0782
41.779682,0.0849
41.789661,0.111
41.799644,0.1506
41.809627,0.182
41.819686,0.2107
41.829715,0.224
41.839736,0.2279
41.849777,0.2202
41.859798,0.201
41.869857,0.1733
41.879909,0.1549
41.88993,0.1343
41.899963,0.1209
41.909965,0.1088
41.919975,0.0964
41.929954,0.0884
41.939949,0.0998
41.948333,-0.42
41.95832,-0.3793
41.96841,-0.2681
41.978485,-0.0941
41.988597,0.1085
41.998615,-0.1652
42.009296,-0.1396
42.019355,-0.1287
42.029384,-0.2844
42.039409,-0.2554
42.049423,-0.2363
42.059471,-0.2238
42.070228,-0.2156
42.080299,-0.2103
42.090354,-0.2067
42.100414,-0.2044
42.110469,-0.2029
42.121238,-0.2019
42.132915,-0.2011
42.14299,-0.2007
42.153049,-0.2005
42.16307,-0.2003
42.173793,-0.2002
42.18542,-0.2001
42.195453,-0.2001
42.205482,-0.2001
42.215507,-0.2
42.226238,-0.2
42.237873,-0.2
42.24792,-0.2
42.257968,-0.2
42.268013,-0.2
42.278114,-0.2
42.288204,-0.2
42.298297,-0.2
42.308383,-0.2
42.318477,-0.2
42.328617,-0.2
42.338718,-0.2
42.348827,-0.2
42.358932,-0.2
42.369037,-0.2
42.379154,-0.2
42.38911,-0.2519
42.399036,-0.2494
42.408935,-0.2506
42.418865,-0.2489
42.429492,-0.2462
42.441001,-0.2322
42.450927,-0.2318
42.460865,-0.2321
42.470802,-0.2308
42.481433,-0.2304
42.491371,-0.2329
42.501319,-0.2431
42.511238,-0.2709
42.521141,-0.3231
42.531238,-0.3444
42.541294,-0.3181
42.551357,-0.3198
42.56142,-0.3394
42.571411,-0.3616
42.581462,-0.3634
42.591472,-0.3571
42.601486,-0.3621
42.61148,-0.3601
42.621479,-0.3664
42.631591,-0.3634
42.641677,-0.3549
42.651737,-0.3431
42.661804,-0.3499
42.671848,-0.3709
42.681877,-0.4105
42.691886,-0.4451
42.7019,-0.4579
42.711906,-0.4762
42.721916,-0.5166
42.731975,-0.5856
42.741973,-0.6368
42.751976,-0.6883
42.761997,-0.6969
42.771999,-0.6228
42.782093,-0.4646
42.792144,-0.2082
42.802253,0.1004
42.813011,0.3091
42.823104,0.0766
42.833274,0.1491
42.843406,0.1877
42.853481,-0.0484
42.863498,-0.1006
42.873523,-0.1348
42.884258,-0.1572
42.895915,-0.1747
42.905994,-0.1834
42.916065,-0.1891
42.926132,-0.1929
42.936897,-0.1953
42.948558,-0.1972
42.958652,-0.1982
42.968742,-0.1988
42.978824,-0.1992
42.989612,-0.1995
43.001274,-0.1997
43.011314,-0.1998
43.021347,-0.1999
43.031387,-0.1999
43.042125,-0.1999
43.053749,-0.2
43.063774,-0.2
43.073799,-0.2
43.083835,-0.2
43.094577,-0.2
43.106201,-0.2
43.116226,-0.2
43.126274,-0.2
43.136363,-0.2
43.146503,-0.2
43.156593,-0.2
43.166683,-0.2
43.176784,-0.2
43.186878,-0.2
43.197017,-0.2
43.207115,-0.2
43.217205,-0.2
43.22731,-0.2
43.237213,-0.2067
43.247177,-0.1981
43.257125,-0.1911
43.267078,-0.1858
43.277004,-0.1814
43.286918,-0.1766
43.296882,-0.1673
43.306812,-0.1528
43.316734,-0.1238
43.326683,-0.0532
43.336631,0.092
43.346641,0.1943
43.356685,0.1508
43.366664,0.1125
43.376659,0.0992
43.386634,0.1018
43.397319,0.1224
43.40731,0.1589
43.417293,0.2048
43.427314,0.2319
43.437343,0.2443
43.447418,0.2336
43.457458,0.2213
43.467494,0.2074
43.477527,0.2007
43.487556,0.1866
43.497623,0.1768
43.507656,0.1674
43.517684,0.1711
43.527721,0.1581
43.537776,0.1484
43.547851,0.1405
43.557903,0.1395
43.567943,0.1343
43.57798,0.1331
43.587989,0.1281
43.598014,0.1199
43.608016,0.1131
43.618003,0.1172
43.628616,0.1165
43.63861,0.1209
43.648628,0.1655
43.658683,0.2531
43.668731,0.3548
43.678825,0.4462
43.688945,0.5045
43.699062,0.5152
43.709152,0.4873
43.719142,0.1702
43.729114,-0.024
43.738994,-0.1248
43.749591,-0.1818
43.761047,-0.2758
43.770946,-0.3294
43.780857,-0.3489
43.790748,-0.3344
43.800693,-0.2935
43.810619,-0.1795
43.820549,-0.1684
43.830478,-0.1888
43.840396,-0.2056
43.850357,-0.2198
43.86108,-0.1331
43.871093,-0.058
43.881137,0.0163
43.89117,0.0676
43.901851,0.1071
43.912563,0.1495
43.924137,-0.5911
43.934192,-0.4509
43.944229,-0.3686
43.95428,-0.3185
43.964355,-0.3016
43.974433,-0.3017
43.9845,-0.3148
43.994548,-0.3251
44.004611,-0.3512
44.014701,-0.3871
44.024707,-0.4346
44.034675,-0.4804
44.044624,-0.5208
44.054527,-0.5632
44.064537,-0.6099
44.074512,-0.6755
44.084499,-0.7434
44.094516,-0.8091
44.104541,-0.837
44.115318,-0.8477
44.125408,-0.8163
44.135471,-0.7805
44.145542,-0.7473
44.155612,-0.7219
44.166393,-0.7054
44.178001,-0.461
44.188697,-0.418
44.200332,0.23
44.210365,0.2574
44.220447,0.2622
44.230484,0.2308
44.240509,0.1694
44.250553,0.1033
44.260551,0.0646
44.270538,0.0542
44.280498,0.0681
44.290451,0.1083
44.300441,0.1503
44.310462,0.1936
44.320537,0.2191
44.330593,0.2179
44.340637,0.1996
44.350681,0.1832
44.360721,0.1834
44.370784,0.0953
44.380821,-0.4887
44.390865,-0.3894
44.400886,-0.3243
44.410938,-0.2815
44.421699,-0.2535
44.431774,-0.2351
44.441864,-0.223
44.451927,-0.2151
44.461975,-0.2099
44.472694,-0.2065
44.484321,-0.2038
44.494411,-0.2025
44.504497,-0.2017
44.514595,-0.2011
44.525382,-0.2007
44.537082,-0.2004
44.547168,-0.2003
44.557258,-0.2002
44.567371,-0.2001
44.578159,-0.2001
